agency_id,agency_name,route_id,route_short_name,route_long_name,route_type,route_color,route_text_color
817,Seine Essonne Bus,024309302:302,302,302,3,005DA8,ffffff
817,Seine Essonne Bus,024309303:303,303,303,3,FFF59B,000000
817,Seine Essonne Bus,024309300:300,300,300,3,A44D3A,ffffff
817,Seine Essonne Bus,024309301:301,301,301,3,EE7F01,ffffff
817,Seine Essonne Bus,024309304:304,304,304,3,8BCBBD,000000
817,Seine Essonne Bus,024309313:313,313,313,3,00957E,ffffff
817,Seine Essonne Bus,024309314:314,314,314,3,E2001A,ffffff
817,Seine Essonne Bus,024309305:305,305,305,3,F29A79,000000
817,Seine Essonne Bus,024309312:312,312,312,3,FFED00,000000
372,Pays de Meaux,067167006:G,G,G,3,7387C2,ffffff
1051,Pays de Meayx,067067103:Fs,Fs,Fs,3,DAB9D8,ffffff
372,Pays de Meaux,067067003:F,F,F,3,722671,ffffff
372,Pays de Meaux,067067002:J,J,J,3,06476D,ffffff
372,Pays de Meaux,067167009:I,I,I,3,323635,ffffff
372,Pays de Meaux,067167004:H,H,H,3,D81466,ffffff
372,Pays de Meaux,067067005:C,C,C,3,DE7FB2,ffffff
372,Pays de Meaux,067167001:B,B,B,3,FBD804,ffffff
372,Pays de Meaux,067167002:A,A,A,3,EF4038,ffffff
372,Pays de Meaux,067167103:Es,Es,Es,3,CBAB64,ffffff
372,Pays de Meaux,067167003:E,E,E,3,F37D2E,ffffff
372,Pays de Meaux,067167008:D,D,D,3,F16981,ffffff
372,Pays de Meaux,067167110:Ns,Ns,Ns,3,26BEC6,ffffff
372,Pays de Meaux,067167010:N,N,N,3,17A79C,ffffff
372,Pays de Meaux,067067120:Ms,Ms,Ms,3,62C18C,ffffff
372,Pays de Meaux,067067202:Qs,Qs,Qs,3,F2A06A,ffffff
372,Pays de Meaux,067167105:Os,Os,Os,3,7CCECF,ffffff
372,Pays de Meaux,067167005:O,O,O,3,126E61,ffffff
372,Pays de Meaux,067067164:Ks,Ks,Ks,3,A3C2E6,ffffff
372,Pays de Meaux,067067064:K,K,K,3,0E77BB,ffffff
372,Pays de Meaux,067067102:Js,Js,Js,3,5EB1E3,ffffff
372,Pays de Meaux,067067020:M,M,M,3,097D3B,ffffff
372,Pays de Meaux,067067117:Ls,Ls,Ls,3,6E8670,ffffff
372,Pays de Meaux,067067017:L,L,L,3,7AC998,ffffff
955,Express 100 Torcy-Créteil,254177100:100,100,100,3,1AC7FF,000000
822,Keolis Orly Rungis,287191100:191-100,191-100,Express 191-100,3,1AC7FF,000000
822,Keolis Orly Rungis,287094001:GOCparis,GO Cparis,GO C PARIS,3,FFC20A,000000
1087,Navettes réservées au personnel hospitalier,100300016:B16,B16,B16 Pont du Garigliano - Hôp. Ambroise Paré,3,FFD966,ffffff
1087,Navettes réservées au personnel hospitalier,100300015:B15,B15,B15 Gare Clamart - Percy - Béclère,3,00CC66,ffffff
1087,Navettes réservées au personnel hospitalier,100300017:B17,B17,B17 Gare de Saint-Ouen - Hôp. Beaujon,3,DC7EDC,ffffff
1087,Navettes réservées au personnel hospitalier,100300019:B19,B19,B19 Gare de Colombes - Hôp. Louis Mourrier,3,FF5B5B,ffffff
1087,Navettes réservées au personnel hospitalier,100300018:B18,B18,B18 Parc Saint-Cloud - Hôp. Raymond-Poincaré,3,582C00,ffffff
1087,Navettes réservées au personnel hospitalier,100300014:B14,B14,B14 Pointe du Lac - Hôp. Emile Roux,3,00CCFF,ffffff
1087,Navettes réservées au personnel hospitalier,100300010:B10,B10,B10 Gare du Nord - Cochin,3,FF9900,ffffff
1087,Navettes réservées au personnel hospitalier,100300001:B1,B1,B1 Gare de Lyon - Rothschild - Trousseau - St Antoine,3,660000,ffffff
1087,Navettes réservées au personnel hospitalier,100300011:B11,B11,B11 Gare Montparnasse - Saint Anne - Henry Ey,3,0B5394,ffffff
1087,Navettes réservées au personnel hospitalier,100300013:B13,B13,B13 Vincennes - Hôp. d'Avron,3,DC7EDC,ffffff
1087,Navettes réservées au personnel hospitalier,100300012:B12,B12,B12 Gare du Nord - Hauteville - Lasalle,3,CC0000,ffffff
1087,Navettes réservées au personnel hospitalier,100300006:B6,B6,B6 Gare du Nord - Saint Louis - Tenon,3,674EA7,ffffff
1087,Navettes réservées au personnel hospitalier,100300005:B5,B5,B5 Gare du Nord - Bretonneau,3,0000FF,ffffff
1087,Navettes réservées au personnel hospitalier,100300007:B7,B7,B7 Gare du Nord - Bichât,3,B0D109,ffffff
1087,Navettes réservées au personnel hospitalier,100300009:B9,B9,B9 Gare du Nord - Necker,3,000080,ffffff
1087,Navettes réservées au personnel hospitalier,100300008:B8,B8,B8 Gare du Nord - Robert Debré,3,808000,ffffff
1087,Navettes réservées au personnel hospitalier,100300004:B4,B4,B4 Montparnasse - Necker - St Pierre - Pompidou,3,BF9000,ffffff
1087,Navettes réservées au personnel hospitalier,100300020:B20,B20,B20 Gare de Bondy - Gare d'Aulnay-sous-bois - Hôp. Jean Verdier,3,0B5394,ffffff
1087,Navettes réservées au personnel hospitalier,100300002:B2,B2,B2 Austerlitz - La Collégiale - Cochin - Broca,3,38761D,ffffff
1087,Navettes réservées au personnel hospitalier,100300022:B21,B21,B21 Saint-Lazare - Hôpital Bichat,3,00CCFF,ffffff
1087,Navettes réservées au personnel hospitalier,100300003:B3,B3,B3 Montparnasse - Necker - St Pierre - Pompidou,3,00FFFF,ffffff
1087,Navettes réservées au personnel hospitalier,100300021:B22,B22,B22 Hôpital Avicenne,3,9900FF,ffffff
95,Express A14,057314100:100,100,Express 100 Les Mureaux St Quentin,3,1AC7FF,000000
95,Express A14,057314143:ExpA14,Exp A14,Express A14 Verneuil,3,1AC7FF,000000
95,Express A14,057314142:ExpA14,Exp A14,Express A14 Les Mureaux,3,1AC7FF,000000
319,Filéo,116295008:FILEOFO,FILEO FO,Fileo Fosses (sur réservation),3,003BD1,ffffff
319,Filéo,116295003:FILEOG,FILEO G,Fileo Goussainville (sur réservation),3,76B82A,000000
319,Filéo,116277005:FILEOO,FILEO O,Fileo Othis (sur réservation),3,FBBA07,000000
319,Filéo,116295032:32,32,32,3,BDCD00,000000
914,KMR,116193100:100C,100C,100,3,1AC7FF,000000
758,Busval d'Oise,116195100:100P,100P,Express 100,3,1AC7FF,000000
319,Filéo,116295027:27,27,27,3,F7BED2,000000
319,Filéo,116277010:FILEOV,FILEO V,Fileo Villeparisis (sur réservation),3,003BD1,FFFFFF
319,Filéo,116295004:FILEOVB,FILEO VB,Fileo Villiers le Bel (sur réservation),3,E582AE,000000
319,Filéo,116931007:FILEOVE,FILEO VE,Fileo Villepinte (sur réservation),3,003BD1,ffffff
319,Filéo,116931002:FILEOT,FILEO T,Fileo Tremblay (sur réservation),3,003BD1,ffffff
319,Filéo,116295001:FILEOS,FILEO S,Fileo Sarcelles (sur réservation),3,0058A2,ffffff
319,Filéo,116931006:FILEOSL,FILEO SL,Fileo Sevran (sur réservation),3,003BD1,ffffff
319,Filéo,116277009:FILEOSP,FILEO SP,Fileo Saint-Pathus (sur réservation),3,D90912,ffffff
758,Busval d'Oise,251195042:95-42,95-42,95-42,3,8BBFC2,000000
758,Busval d'Oise,251195043:95-43,95-43,95-43,3,B0B7C7,000000
758,Busval d'Oise,251195041:95-41,95-41,95-41,3,546868,ffffff
758,Busval d'Oise,251195004:95-04,95-04,95-04,3,1AC7FF,000000
758,Busval d'Oise,251195011:95-11,95-11,95-11,3,BA0055,ffffff
758,Busval d'Oise,251195047:95-47,95-47,95-47,3,577C60,ffffff
758,Busval d'Oise,251195048:95-48,95-48,95-48,3,883A14,ffffff
758,Busval d'Oise,251195046:95-46,95-46,95-46,3,928D14,ffffff
758,Busval d'Oise,251195044:95-44,95-44,95-44,3,D7BDA4,000000
758,Busval d'Oise,251195045:95-45,95-45,95-45,3,928D14,ffffff
584,TAM,350350005:E,E,E,3,ED6B6A,000000
584,TAM,350350027:F,F,F,3,00903E,ffffff
584,TAM,350350028:G,G,G,3,E6007E,ffffff
584,TAM,350350030:A,A,A,3,E30613,ffffff
584,TAM,350350003:C,C,C,3,20124E,ffffff
584,TAM,350350004:D,D,D,3,4599AE,000000
584,TAM,350350012:M,M,M,3,ECC500,000000
584,TAM,350350024:X,X,X,3,9D4800,ffffff
584,TAM,350350010:Z,Z,Z,3,AFCA0B,000000
584,TAM,350350009:I,I,I,3,074BA3,ffffff
584,TAM,350350021:J,J,J,3,9185BE,000000
584,TAM,350350031:K,K,K,3,D6707C,000000
758,Busval d'Oise,025195007:95-07,95-07,95-07,3,BFFF00,000000
758,Busval d'Oise,025195006:95-06,95-06,95-06,3,B36B24,ffffff
758,Busval d'Oise,025195005:95-05,95-05,95-05,3,0000FF,ffffff
758,Busval d'Oise,025195008:95-08,95-08,95-08,3,00A6FF,000000
758,Busval d'Oise,025195017:95-17,95-17,95-17,3,00FF00,000000
758,Busval d'Oise,025195016:95-16,95-16,95-16,3,CFA16B,000000
758,Busval d'Oise,025195012:95-12,95-12,95-12,3,FF80FF,000000
95,Express A14,244200001:EXPA14B,EXP A14 B,EXPRESS A14 BONNIERES,3,67C14C,ffffff
95,Express A14,244200004:EXPA14C,EXP A14 C,EXPRESS A14 CHAMBOURCY,3,FF7D4A,ffffff
95,Express A14,244200001:EXPA14M,EXP A14 M,EXPRESS A14 MANTES,3,1AC7FF,ffffff
302,Com'Bus,057057110:110,110,110,3,FFDF00,000000
302,Com'Bus,057057015:15,15,15,3,C51F57,ffffff
302,Com'Bus,057057010:10,10,10,3,E73747,ffffff
302,Com'Bus,057057109:109,109,109,3,F7A400,000000
302,Com'Bus,057057018:18,18,18,3,66B658,000000
302,Com'Bus,057057019:19,19,19,3,DC9DC6,000000
302,Com'Bus,057057016:16,16,16,3,E60E57,ffffff
302,Com'Bus,057057017:17,17,17,3,00669C,ffffff
302,Com'Bus,057057023:02B,02B,02B,3,0E8B6F,ffffff
302,Com'Bus,057057024:02C,02C,02C,3,BB71A9,000000
302,Com'Bus,057057001:01,01,01,3,4AA631,ffffff
302,Com'Bus,057057002:02A,02A,02A,3,008ECF,ffffff
302,Com'Bus,057057007:07,07,07,3,FFD100,000000
302,Com'Bus,057057009:09,09,09,3,A11881,ffffff
302,Com'Bus,057057004:04,04,04,3,8A1E82,ffffff
302,Com'Bus,057057003:05,05,05,3,00A8E8,000000
302,Com'Bus,057057020:20,20,20,3,B899C8,000000
303,Actipôles,057318120:91,91,91,3,E63323,ffffff
303,Actipôles,057318119:91,91,91,3,E63323,ffffff
303,Actipôles,057318118:89,89,89,3,164194,ffffff
302,Com'Bus,057057090:90,90,90,3,000000,FFFFFF
302,Com'Bus,057057006:P,P,P,3,EB5C2B,ffffff
302,Com'Bus,057057011:R,R,R,3,F298C0,000000
302,Com'Bus,057057057:L,L,L,3,FFFF00,000000
302,Com'Bus,057057014:N,N,N,3,08B0A0,000000
302,Com'Bus,057057026:26,26,26,3,564A80,ffffff
302,Com'Bus,057057028:28,28,28,3,000000,FFFFFF
302,Com'Bus,057057021:21,21,21,3,706F6F,ffffff
302,Com'Bus,057057022:22,22,22,3,9ED2C2,000000
302,Com'Bus,057057082:82,82,82,3,D0AA1D,000000
303,Actipôles,057318088:88,88,88,3,000000,FFFFFF
302,Com'Bus,057057050:52,52,52,3,000000,FFFFFF
302,Com'Bus,057057081:81,81,81,3,E48705,ffffff
285,Phébus,004004036:36,36,36,3,FF3380,ffffff
1100,Paladin,111592409:469,469,469,3,000000,FFFFFF
783,Aubergenville,111111140:40,40,40,3,FF0000,ffffff
1099,Europ'Essonne,111591201:A,A,A,3,EE7D00,ffffff
1100,Paladin,111592406:526,526,526,3,000000,FFFFFF
1101,Titus,111593302:2,2,2,3,FFBF00,000000
1101,Titus,111593301:1,1,1,3,FF0000,ffffff
1101,Titus,111593304:4,4,4,3,0033FF,ffffff
1101,Titus,111593303:3,3,3,3,33FF33,000000
1099,Europ'Essonne,111591202:B,B,B,3,E50051,ffffff
1099,Europ'Essonne,111591205:E,E,E,3,95C11F,000000
1099,Europ'Essonne,111591204:D,D,D,3,0077BA,ffffff
1099,Europ'Essonne,111591207:J,J,J,3,F4C000,000000
1099,Europ'Essonne,111591206:G,G,G,3,B51F1F,ffffff
1100,Paladin,111592407:ChavilBus,ChavilBus,Uniq,3,000000,FFFFFF
1099,Europ'Essonne,111591203:C,C,C,3,951B81,ffffff
1100,Paladin,111592404:ChavilBus,ChavilBus,ChavilBus Sud,3,000000,FFFFFF
1100,Paladin,111592405:ChavilBus,ChavilBus,ChavilBus Nord,3,000000,FFFFFF
658,ADP,043043001:N1,N1,N1,3,DF3A82,ffffff
658,ADP,043043002:N2,N2,N2,3,6CA513,ffffff
441,Navette,043043100:CDGVAL,CDG VAL,CDG VAL,7,5CC5ED,ffffff
916,Seine-Saint-Denis,293193611:611,611,611,3,FFCE00,000000
916,Seine-Saint-Denis,293193610:610,610,610,3,CEADD2,000000
916,Seine-Saint-Denis,293193609:609,609,609,3,C04191,ffffff
916,Seine-Saint-Denis,293193616:616,616,616,3,0064B0,ffffff
916,Seine-Saint-Denis,293193615:615,615,615,3,83C491,000000
916,Seine-Saint-Denis,293193613:613,613,613,3,00814F,ffffff
916,Seine-Saint-Denis,293193603:603,603,603,3,8D5E24,ffffff
916,Seine-Saint-Denis,293193602:602,602,602,3,E2001A,ffffff
916,Seine-Saint-Denis,293193601:601,601,601,3,E3B32A,000000
916,Seine-Saint-Denis,293193607:607,607,607,3,F28E43,000000
916,Seine-Saint-Denis,293193605:605,605,605,3,D5C900,000000
916,Seine-Saint-Denis,293193604:604,604,604,3,CEADD2,000000
916,Seine-Saint-Denis,293193642:642,642,642,3,0064B0,ffffff
916,Seine-Saint-Denis,293193640:640,640,640,3,FFCE00,000000
916,Seine-Saint-Denis,293193637:637,637,637,3,F3A4BA,000000
916,Seine-Saint-Denis,293193645:645,645,645,3,D5C900,000000
916,Seine-Saint-Denis,293193644:644,644,644,3,83C491,000000
916,Seine-Saint-Denis,293193643:643,643,643,3,F28E43,000000
916,Seine-Saint-Denis,293193619:619,619,619,3,83C491,000000
916,Seine-Saint-Denis,293193618:618,618,618,3,E3B32A,000000
916,Seine-Saint-Denis,293193617:617,617,617,3,F3A4BA,000000
916,Seine-Saint-Denis,293193627:627,627,627,3,9F9825,ffffff
916,Seine-Saint-Denis,293193623:623,623,623,3,98D4E2,000000
916,Seine-Saint-Denis,293193620:620,620,620,3,00814F,ffffff
1017,Transport du Val de Seine,092092014:14,14,14,3,7F007F,ffffff
1017,Transport du Val de Seine,092092001:1,1.,1.,3,64DCFF,000000
1017,Transport du Val de Seine,092092004:4,4,4,3,D9660D,ffffff
1017,Transport du Val de Seine,092092003:3,3,3,3,E5B200,000000
35,CARS SOEUR,070070002:7002,7002,7002,3,FFBF00,000000
35,CARS SOEUR,070070011:7001SCO,7001 SCO,7001 Scolaire,3,73FF00,000000
35,CARS SOEUR,070070001:7001,7001,7001,3,8066FF,000000
35,CARS SOEUR,070070006:7006,7006,7006 scolaire,3,2680FF,000000
35,CARS SOEUR,070070005:7005,7005,7005 scolaire,3,FF0000,ffffff
35,CARS SOEUR,070070004:7004,7004,7004 NAVETTE,3,FF7300,ffffff
951,VALBUS,038038003:3803,3803,3803,3,FF4CFF,000000
951,VALBUS,038038002:3802,3802,3802,3,59EDDB,000000
951,VALBUS,038038001:3801,3801,3801,3,F7C419,000000
950,Commune de Bouffemont,038595040:NAVETTE,NAVETTE,NAVETTE,3,0066FF,FFFFFF
951,VALBUS,038038002:3805,3805,3805,3,FF1940,ffffff
951,VALBUS,038038004:3804,3804,3804,3,59FF26,000000
30,CARS MOREAU,210210204:002,002,LIGNE 2,3,2569B2,ffffff
30,CARS MOREAU,210210109:001,001,FFOURCHES LONGUEVILLE PROVINS,3,1D1D1B,ffffff
30,CARS MOREAU,210210106:001,001,LIGNE 1,3,1D1D1B,ffffff
30,CARS MOREAU,210210116:116,116,116,3,878787,000000
30,CARS MOREAU,210210301:003,003,NOYEN-GOUAIX-LONGUEVILLE,3,E30F13,ffffff
870,VIAMO-MELUN,250177002:002,002,002 Meaux-Melun,3,1AC7FF,000000
1059,Le Paladin,020149012:15,15,15,3,BFED00,000000
1059,Le Paladin,020149006:16,16,16,3,FFBF00,000000
1059,Le Paladin,020149007:17,17,17,3,FF7838,000000
1059,Le Paladin,020149014:14,14,14,3,0055FA,ffffff
1059,Le Paladin,020149001:1,1,1,3,00FFFF,000000
1059,Le Paladin,020149011:11,11,11,3,FF8AFF,000000
1059,Le Paladin,020149012:12,12,12,3,FF0D00,ffffff
1059,Le Paladin,020149008:18,18,18,3,056BFF,ffffff
1059,Le Paladin,020149007:7,7,7,3,61EDD5,000000
1059,Le Paladin,020149008:8,8,8,3,FFF500,000000
1059,Le Paladin,020149009:9,9,9,3,12FF00,000000
1059,Le Paladin,020149006:6,6,6,3,6166FF,000000
1059,Le Paladin,020149002:2,2,2,3,FF7800,ffffff
1059,Le Paladin,020149003:3,3,3,3,B100BD,ffffff
1059,Le Paladin,020149004:4,4,4,3,C2AB42,000000
308,PROCARS,228228011:11,11,11,3,48B274,000000
308,PROCARS,228228010:10,10,10,3,DC3235,ffffff
308,PROCARS,228228012:12,12,12,3,BE91C1,000000
308,PROCARS,228228014:14,14,14,3,F8C335,000000
308,PROCARS,228228013:13,13,13,3,283C82,ffffff
308,PROCARS,228228008:08,08,08,3,DE3D6B,ffffff
308,PROCARS,228228002:02,02,02,3,285697,ffffff
308,PROCARS,228228001:01,01,01,3,006EB6,ffffff
308,PROCARS,228228003:03,03,03,3,EF83B3,000000
105,Seine et Marne Express,228228007:07,07,07,3,1AC7FF,000000
308,PROCARS,228228005:05,05,05,3,109539,ffffff
308,PROCARS,228228017:17,17,17,3,769FC6,000000
308,PROCARS,228771009:PROBUSD,PROBUS D,PROBUS D,3,3A6C2C,ffffff
308,PROCARS,228771009:PROBUSC,PROBUS C,PROBUS C,3,7F9B79,000000
308,PROCARS,228771009:PROBUSE,PROBUS E,PROBUS E,3,349436,ffffff
308,PROCARS,228677016:VILLEFERM,VILLEFERM,VILLEFERMOY,3,66B4E4,ffffff
308,PROCARS,228771009:PROBUSsco,PROBUSsco,PROBUS scolaire,3,337137,ffffff
308,PROCARS,228771009:PROBUSB,PROBUS B,PROBUS B,3,B5CCB1,000000
105,Seine et Marne Express,228177050:50,50,50,3,1AC7FF,000000
105,Seine et Marne Express,228177047:47,47,47,3,1AC7FF,000000
308,PROCARS,228677017:52,52,52,3,842461,ffffff
308,PROCARS,228771009:PROBUSA,PROBUS A,PROBUS A,3,75A56E,000000
308,PROCARS,228228051:NANGIBUS,NANGIBUS,NANGIBUS,3,929292,ffffff
134,Valmy,016016012:12,12,12,3,FFCC00,000000
134,Valmy,016016013:13,13,13,3,FF8000,000000
134,Valmy,016016010:10,10,10,3,4DFF00,000000
134,Valmy,016016020:11,11,11,3,00A6FF,000000
134,Valmy,016096001:14,14,14,3,C42EFF,000000
134,Valmy,016016037:37,37,37,3,0A008F,ffffff
134,Valmy,016016033:SOISYBUS,SOISY BUS,SOISY BUS,3,FF5EE3,000000
134,Valmy,016016615:15,15,15,3,00FFB0,000000
134,Valmy,016016616:16,16,16,3,FF1940,ffffff
442,RATP,100100252:252,252,252,3,FF1400,ffffff
442,RATP,100100251:251,251,251,3,FF1400,ffffff
442,RATP,100100253:253,253,253,3,FFBE00,000000
442,RATP,100100255:255,255,255,3,6E6E00,ffffff
442,RATP,100100254:254,254,254,3,82DC73,000000
442,RATP,100100250:250,250,250,3,A0006E,ffffff
442,RATP,100100247:247,247,247,3,FF5A00,ffffff
442,RATP,100100244:244,244,244,3,A0006E,ffffff
442,RATP,100100248:248,248,248,3,D282BE,000000
442,RATP,100100025:25,25,25,3,FF1400,ffffff
442,RATP,100100249:249,249,249,3,D2D200,000000
442,RATP,100100256:256,256,256,3,6E5B1E,ffffff
442,RATP,100100268:268,268,268,3,DC9600,000000
442,RATP,100100263:263,263,263,3,FF82B4,000000
442,RATP,100100269:269,269,269,3,FF5A00,ffffff
442,RATP,100100270:270,270,270,3,FF82B4,000000
442,RATP,100100027:27,27,27,3,FF5A00,ffffff
442,RATP,100100262:262,262,262,3,A0006E,ffffff
442,RATP,100100259:259,259,259,3,3C91DC,ffffff
442,RATP,100100258:258,258,258,3,FF1400,ffffff
442,RATP,100100026:26,26,26,3,FF5A00,ffffff
442,RATP,100100261:261,261,261,3,FF1400,ffffff
442,RATP,100100260:260,260,260,3,FFBE00,000000
442,RATP,100100212:212,212,212,3,82C8E6,000000
442,RATP,100100211:211,211,211,3,FF82B4,000000
442,RATP,100100213:213,213,213,3,6E6E00,ffffff
442,RATP,100100215:215,215,215,3,82DC73,000000
442,RATP,100100214:214,214,214,3,D282BE,000000
442,RATP,100100210:210,210,210,3,FFBE00,000000
442,RATP,100100208:208A,208A,208A,3,A0006E,ffffff
442,RATP,100100207:207,207,207,3,DC9600,000000
442,RATP,100100208:208B,208B,208B,3,A0006E,ffffff
442,RATP,100100021:21,21,21,3,82DC73,000000
442,RATP,100100208:208S,208S,208S,3,A0006E,ffffff
442,RATP,100100216:216,216,216,3,FF1400,ffffff
442,RATP,100100238:238,238,238,3,FF82B4,000000
442,RATP,100100237:237,237,237,3,D282BE,000000
442,RATP,100100239:239,239,239,3,A0006E,ffffff
442,RATP,100100241:241,241,241,3,6E5B1E,ffffff
442,RATP,100100024:24,24,24,3,A0006E,ffffff
442,RATP,100100235:235,235,235,3,FFBE00,000000
442,RATP,100100022:22,22,22,3,00643C,ffffff
442,RATP,100100217:217,217,217,3,640082,ffffff
442,RATP,100100220:220,220,220,3,A0006E,ffffff
442,RATP,100100234:234,234,234,3,FF5A00,ffffff
442,RATP,100100221:221,221,221,3,FF82B4,000000
442,RATP,100100272:272,272,272,3,FF5A00,ffffff
442,RATP,100100320:320,320,320,3,FFBE00,000000
442,RATP,100100032:32,32,32,3,6E6E00,ffffff
442,RATP,100100321:321,321,321,3,FFBE00,000000
442,RATP,100100323:323,323,323,3,D2D200,000000
442,RATP,100100322:322,322,322,3,82C8E6,000000
442,RATP,100100319:319,319,319,3,00643C,ffffff
442,RATP,100100310:310,310,310,3,D2D200,000000
442,RATP,100100031:31,31,31,3,FFBE00,000000
442,RATP,100100312:312,312,312,3,FF5A00,ffffff
442,RATP,100100318:318,318,318,3,0055C8,ffffff
442,RATP,100100317:317,317,317,3,D2D200,000000
442,RATP,100100325:325,325,325,3,82C8E6,000000
442,RATP,100100349:349,349,349,3,82DC73,000000
442,RATP,100100347:347,347,347,3,A0006E,ffffff
442,RATP,100100035:35,35,35,3,82DC73,000000
442,RATP,100100351:351,351,351,3,DC9600,000000
442,RATP,100100350:350,350,350,3,640082,ffffff
442,RATP,100100346:346,346,346,3,D2D200,000000
442,RATP,100100334:334,334,334,3,FFBE00,000000
442,RATP,100100330:330,330,330,3,FFBE00,000000
442,RATP,100100337:337,337,337,3,640082,ffffff
442,RATP,100100341:341,341,341,3,FFBE00,000000
442,RATP,100100340:340,340,340,3,DC9600,000000
442,RATP,100100286:286,286,286,3,D282BE,000000
442,RATP,100100285:285,285,285,3,A0006E,ffffff
442,RATP,100100289:289,289,289,3,A0006E,ffffff
442,RATP,100100290:290,290,290,3,D282BE,000000
442,RATP,100100029:29,29,29,3,82C8E6,000000
442,RATP,100100281:281,281,281,3,DC9600,000000
442,RATP,100100275:275,275,275,3,FFBE00,000000
442,RATP,100100274:274,274,274,3,FF1400,ffffff
442,RATP,100100276:276,276,276,3,FF1400,ffffff
442,RATP,100100028:28,28,28,3,FF82B4,000000
442,RATP,100100278:278,278,278,3,D282BE,000000
442,RATP,100100291:291,291,291,3,6E6E00,ffffff
442,RATP,100100303:303,303,303,3,6E6E00,ffffff
442,RATP,100100302:302,302,302,3,FFBE00,000000
442,RATP,100100304:304,304,304,3,D2D200,000000
442,RATP,100100308:308,308,308,3,82DC73,000000
442,RATP,100100306:306,306,306,3,0055C8,ffffff
442,RATP,100100301:301,301,301,3,D2D200,000000
442,RATP,100100294:294,294,294,3,D282BE,000000
442,RATP,100100292:292,292,292,3,FF82B4,000000
442,RATP,100100297:297,297,297,3,A0006E,ffffff
442,RATP,100100030:30,30,30,3,640082,ffffff
442,RATP,100100299:299,299,299,3,FF5A00,ffffff
442,RATP,100100132:132,132,132,3,640082,ffffff
442,RATP,100100131:131,131,131,3,6E5B1E,ffffff
442,RATP,100100133:133,133,133,3,82DC73,000000
442,RATP,100100137:137,137,137,3,FF5A00,ffffff
442,RATP,100100134:134,134,134,3,FF82B4,000000
442,RATP,100100129:129,129,129,3,6E6E00,ffffff
442,RATP,100100125:125,125,125,3,0055C8,ffffff
442,RATP,100100124:124,124,124,3,FF82B4,000000
442,RATP,100100126:126,126,126,3,82C8E6,000000
442,RATP,100100128:128,128,128,3,6E5B1E,ffffff
442,RATP,100100127:127,127,127,3,FF5A00,ffffff
442,RATP,100100138:138,138,138,3,A0006E,ffffff
442,RATP,100100147:147,147,147,3,FF1400,ffffff
442,RATP,100100146:146,146,146,3,D282BE,000000
442,RATP,100100148:148,148,148,3,6E5B1E,ffffff
442,RATP,100100151:151,151,151,3,A0006E,ffffff
442,RATP,100100150:150,150,150,3,FF82B4,000000
442,RATP,100100145:145,145,145,3,A0006E,ffffff
442,RATP,100100140:140,140,140,3,FF1400,ffffff
442,RATP,100100139:139,139,139,3,FF5A00,ffffff
442,RATP,100100141:141,141,141,3,DC9600,000000
442,RATP,100100144:144,144,144,3,D282BE,000000
442,RATP,100100143:143,143,143,3,0055C8,ffffff
442,RATP,100100108:108,108,108,3,FF82B4,000000
442,RATP,100100107:107,107,107,3,FF82B4,000000
442,RATP,100100109:109,109,109,3,D2D200,000000
442,RATP,100100111:111,111,111,3,D282BE,000000
442,RATP,100100110:110,110,110,3,640082,ffffff
442,RATP,100100106:106,106,106,3,FF1400,ffffff
442,RATP,100100102:102,102,102,3,FFBE00,000000
442,RATP,100100101:101,101,101,3,FFBE00,000000
442,RATP,100100103:103,103,103,3,FF5A00,ffffff
442,RATP,100100105:105,105,105,3,FF5A00,ffffff
442,RATP,100100104:104,104,104,3,FF1400,ffffff
442,RATP,100100112:112,112,112,3,FF5A00,ffffff
442,RATP,100100120:120,120,120,3,D282BE,000000
442,RATP,100100119:119,119,119,3,FFBE00,000000
442,RATP,100100121:121,121,121,3,FF1400,ffffff
442,RATP,100100123:123,123,123,3,00643C,ffffff
442,RATP,100100122:122,122,122,3,D282BE,000000
442,RATP,100100118:118,118,118,3,DC9600,000000
442,RATP,100100114:114,114,114,3,82DC73,000000
442,RATP,100100113:113,113,113,3,FF1400,ffffff
442,RATP,100100115:115,115,115,3,00643C,ffffff
442,RATP,100100117:117,117,117,3,00643C,ffffff
442,RATP,100100116:116,116,116,3,82C8E6,000000
442,RATP,100100152:152,152,152,3,FF1400,ffffff
442,RATP,100100187:187,187,187,3,640082,ffffff
442,RATP,100100186:186,186,186,3,A0006E,ffffff
442,RATP,100100188:188,188,188,3,D282BE,000000
442,RATP,100100190:190,190,190,3,6E5B1E,ffffff
442,RATP,100100189:189,189,189,3,FF5A00,ffffff
442,RATP,100100185:185,185,185,3,FF5A00,ffffff
442,RATP,100100181:181,181,181,3,6E5B1E,ffffff
442,RATP,100100180:180,180,180,3,6E6E00,ffffff
442,RATP,100100182:182,182,182,3,A0006E,ffffff
442,RATP,100100184:184,184,184,3,DC9600,000000
442,RATP,100100183:183,183,183,3,FF1400,ffffff
442,RATP,100100191:191,191,191,3,FF82B4,000000
442,RATP,100100020:20,20,20,3,FF5A00,ffffff
442,RATP,100100199:199,199,199,3,D2D200,000000
442,RATP,100100201:201,201,201,3,6E5B1E,ffffff
442,RATP,100100206:206,206,206,3,6E5B1E,ffffff
442,RATP,100100203:203,203,203,3,FF82B4,000000
442,RATP,100100197:197,197,197,3,FF1400,ffffff
442,RATP,100100193:193,193,193,3,996633,ffffff
442,RATP,100100192:192,192,192,3,82DC73,000000
442,RATP,100100194:194,194,194,3,FF5A00,ffffff
442,RATP,100100196:196,196,196,3,DC9600,000000
442,RATP,100100195:195,195,195,3,A0006E,ffffff
442,RATP,100100164:164,164,164,3,A0006E,ffffff
442,RATP,100100163:163,163,163,3,DC9600,000000
442,RATP,100100165:165,165,165,3,FF5A00,ffffff
442,RATP,100100167:167,167,167,3,82DC73,000000
442,RATP,100100166:166,166,166,3,640082,ffffff
442,RATP,100100162:162,162,162,3,0055C8,ffffff
442,RATP,100100157:157,157,157,3,A0006E,ffffff
442,RATP,100100153:153,153,153,3,00643C,ffffff
442,RATP,100100158:158,158,158,3,FF5A00,ffffff
442,RATP,100100160:160,160,160,3,00643C,ffffff
442,RATP,100100159:159,159,159,3,640082,ffffff
442,RATP,100100168:168,168,168,3,82C8E6,000000
442,RATP,100100176:176,176,176,3,DC9600,000000
442,RATP,100100175:175,175,175,3,0055C8,ffffff
442,RATP,100100177:177,177,177,3,82DC73,000000
442,RATP,100100179:179,179,179,3,00643C,ffffff
442,RATP,100100178:178,178,178,3,0055C8,ffffff
442,RATP,100100174:174,174,174,3,00643C,ffffff
442,RATP,100100170:170,170,170,3,82C8E6,000000
442,RATP,100100169:169,169,169,3,82DC73,000000
442,RATP,100100171:171,171,171,3,FF1400,ffffff
442,RATP,100100173:173,173,173,3,0055C8,ffffff
442,RATP,100100172:172,172,172,3,00643C,ffffff
442,RATP,100100353:353,353,353,3,D2D200,000000
56,Noctilien,100987765:N45,N45,N45,3,FFBE00,000000
56,Noctilien,100987754:N44,N44,N44,3,82DC73,000000
56,Noctilien,100987753:N51,N51,N51,3,FFBE00,000000
56,Noctilien,100987770:N53,N53,N53,3,82DC73,000000
56,Noctilien,100987752:N52,N52,N52,3,D2D200,000000
56,Noctilien,100987766:N43,N43,N43,3,FF5A00,ffffff
56,Noctilien,100987757:N34,N34,N34,3,D2D200,000000
56,Noctilien,100987758:N33,N33,N33,3,FF5A00,ffffff
56,Noctilien,100987773:N35,N35,N35,3,FFBE00,000000
56,Noctilien,100987755:N42,N42,N42,3,DC9600,000000
56,Noctilien,100987772:N41,N41,N41,3,FF82B4,000000
56,Noctilien,100987761:N61,N61,N61,3,DC9600,000000
442,RATP,100100098:PC,PC,PC,3,0055C8,ffffff
442,RATP,100100283:ORLYBUS,ORLYBUS,ORLYBUS,3,1AC7FF,000000
442,RATP,100100594:PETIT-F,PETIT-F,LE PETIT FONTENAISIEN,3,216EB4,ffffff
442,RATP,100100573:PTITBUS,PTITBUS,LE P'TIT BUS DU PRE,3,D20D44,ffffff
442,RATP,100100538:PORT,PORT,LE BUS DU PORT,3,9A9940,000000
442,RATP,100100519:NEY-FLA,NEY-FLA,LA TRAVERSE NEY FLANDRE,3,C5A3CA,000000
56,Noctilien,100987769:N63,N63,N63,3,D2D200,000000
56,Noctilien,100987762:N62,N62,N62,3,FF82B4,000000
56,Noctilien,100987796:N66,N66,N66,3,FF1400,ffffff
442,RATP,100100524:NAVETTE,NAVETTE,LA NAVETTE,3,67328E,ffffff
56,Noctilien,100987771:N71,N71,N71,3,A0006E,ffffff
56,Noctilien,100987775:N01,N01,N01,3,A0006E,ffffff
442,RATP,100100597:HIRONDE,HIRONDE,L'HIRONDELLE,3,79BB92,000000
56,Noctilien,100987776:N02,N02,N02,3,FF1400,ffffff
56,Noctilien,100987785:N12,N12,N12,3,DC9600,000000
56,Noctilien,100987780:N11,N11,N11,3,FF5A00,ffffff
442,RATP,100100541:EOLIEN,EOLIEN,EOLIEN,3,82DC73,000000
442,RATP,100100513:BIEVRES,BIEVRES,LA TRAVERSE BIEVRE MONTSOURIS,3,BB4D98,ffffff
442,RATP,100100518:BATIGNO,BATIGNO,LA TRAVERSE BATIGNOLLES BICHAT,3,67328E,ffffff
442,RATP,100100501:CHARONN,CHARONN,LA TRAVERSE DE CHARONNE,3,216EB4,ffffff
442,RATP,100100579:CLAMIBU,CLAMIBU,CLAMIBUS,3,F4C931,000000
442,RATP,100100582:CHOISYB,CHOISYB,CHOISYBUS,3,DFB039,000000
56,Noctilien,100987790:N122,N122,N122,3,3C91DC,ffffff
56,Noctilien,100987756:N23,N23,N23,3,DC9600,000000
56,Noctilien,100987768:N22,N22,N22,3,FFBE00,000000
56,Noctilien,100987751:N24,N24,N24,3,FF5A00,ffffff
56,Noctilien,100987763:N32,N32,N32,3,DC9600,000000
56,Noctilien,100987759:N31,N31,N31,3,FF82B4,000000
56,Noctilien,100987760:N21,N21,N21,3,82DC73,000000
56,Noctilien,100987783:N14,N14,N14,3,82DC73,000000
56,Noctilien,100987784:N13,N13,N13,3,FF82B4,000000
56,Noctilien,100987782:N15,N15,N15,3,FFBE00,000000
56,Noctilien,100987781:N16,N16,N16,3,D2D200,000000
56,Noctilien,100987791:N153,N153,N153,3,FF1400,ffffff
442,RATP,100100941:RERABOI,RERABOI,BUS RER A BOISSY,3,000000,FFFFFF
439,METRO,100110005:5,5,5,1,FF7E2E,000000
439,METRO,100110004:4,4,4,1,CF009E,ffffff
439,METRO,100110006:6,6,6,1,6ECA97,000000
439,METRO,100110107:7B,7B,7B,1,6ECA97,000000
439,METRO,100110007:7,7,7,1,FA9ABA,000000
439,METRO,100110103:3B,3B,3B,1,6EC4E8,000000
439,METRO,100110013:13,13,13,1,6EC4E8,000000
439,METRO,100110012:12,12,12,1,007852,ffffff
439,METRO,100110014:14,14,14,1,62259D,ffffff
439,METRO,100110003:3,3,3,1,837902,ffffff
439,METRO,100110002:2,2,2,1,003CA6,ffffff
439,METRO,100110008:8,8,8,1,E19BDF,000000
440,TRAMWAY,100112015:T5,T5,GARE DE GARGES SARCELLES - MARCHE DE ST DENIS,0,62259D,ffffff
440,TRAMWAY,100112003:T3B,T3B,Porte de Vincennes - Porte de la Chapelle,0,00AE41,ffffff
440,TRAMWAY,100112016:T6,T6,Châtillon Montrouge - Gare de Viroflay Rive Droite,0,E2231A,000000
440,TRAMWAY,100112018:T8,T8,ST DENIS / PORTE DE PARIS - EPINAY - ORGEMONT,0,837902,000000
440,TRAMWAY,100112017:T7,T7,Porte de L'Essonne - Villejuif-Louis Aragon,0,704B1C,ffffff
440,TRAMWAY,100112013:T3A,T3A,PONT GARIGLIANO - HOPITAL EUROPEEN GEORGES POMPIDOU - Porte de Vincennes,0,FF7E2E,000000
441,Navette,100110100:FUN,FUN,FUNICULAIRE,7,AFAFAF,000000
439,METRO,100110009:9,9,9,1,B6BD00,000000
441,Navette,100110200:ORLYVAL,ORLYVAL,ORLYVAL,7,5EC5ED,ffffff
440,TRAMWAY,100112012:T2,T2,Pont de Bezons - Porte de Versailles,0,CF009E,ffffff
440,TRAMWAY,100112011:T1,T1,GARE DE NOISY LE SEC - Asnieres Gennevilliers Les Courtilles,0,003CA6,ffffff
442,RATP,100100587:THIAIS,THIAIS,LA NAVETTE DE THIAIS,3,3C91DC,ffffff
442,RATP,100100571:SUBB,SUBB,SUBB,3,8E6538,ffffff
442,RATP,100100515:TILLBUS,TILLBUS,TILLBUS,3,C5A3CA,000000
442,RATP,100100546:TUB,TUB,TUB (TRANSPORT URBAIN BONDYNOIS),3,8E6538,ffffff
442,RATP,100100569:TIM,TIM,TIM,3,89C7D6,000000
442,RATP,100100352:ROISSYB,ROISSYB,ROISSYBUS,3,1AC7FF,000000
442,RATP,100100942:RERASGL,RERASGL,BUS RER A SAINT GERMAIN EN LAYE,3,000000,FFFFFF
442,RATP,100100940:RERAMLV,RERAMLV,BUS DE SUBSTITUTION,3,000000,FFFFFF
442,RATP,100100951:RERBROB,RERBROB,RERBROB,3,000000,FFFFFF
442,RATP,100100577:RIVER,RIVER,RIVER PLAZA,3,DE8B53,000000
442,RATP,100100950:RERBSRC,RERBSRC,RERBSAINTREMY,3,000000,FFFFFF
442,RATP,100100574:TUC,TUC,TUC,3,F4C931,000000
442,RATP,100100585:V7,V7,V7,3,D35E3C,ffffff
442,RATP,100100593:V6,V6,V6,3,79BB92,000000
439,METRO,100110001:1,1,1,1,FFCD00,000000
439,METRO,100110011:11,11,11,1,704B1C,ffffff
439,METRO,100110010:10,10,10,1,C9910D,000000
442,RATP,100100584:V5,V5,V5,3,328E5B,ffffff
442,RATP,100100014:TVM,TVM,TVM,3,216EB4,ffffff
442,RATP,100100589:TUVIM,TUVIM,TUVIM,3,FF1400,ffffff
442,RATP,100100583:V2,V2,V2,3,DF9AB1,000000
442,RATP,100100562:V4,V4,V4,3,67328E,ffffff
442,RATP,100100581:V3,V3,V3,3,CDC83F,000000
442,RATP,100100459:459,459,459,3,FF1400,ffffff
442,RATP,100100045:45,45,45,3,FF82B4,000000
442,RATP,100100046:46,46,46,3,D2D200,000000
442,RATP,100100047:47,47,47,3,FF82B4,000000
442,RATP,100100467:467,467,467,3,6E6E00,ffffff
442,RATP,100100043:43,43,43,3,FF1400,ffffff
442,RATP,100100040:40,40,40,3,82C8E6,000000
442,RATP,100100399:399,399,399,3,82C8E6,000000
442,RATP,100100042:42,42,42,3,FFBE00,000000
442,RATP,100100426:426,426,426,3,6E5B1E,ffffff
442,RATP,100100421:421,421,421,3,00643C,ffffff
442,RATP,100100471:471,471,471,3,0055C8,ffffff
442,RATP,100100052:52,52,52,3,82C8E6,000000
442,RATP,100100512:512,512,512,3,FFBE00,000000
442,RATP,100100520:520,520,520,3,00643C,ffffff
442,RATP,100100054:54,54,54,3,82C8E6,000000
442,RATP,100100528:528,528,528,3,FF645A,000000
442,RATP,100100492:492,492,492,3,FFBE00,000000
442,RATP,100100485:485,485,485,3,FF5A00,ffffff
442,RATP,100100048:48,48,48,3,0055C8,ffffff
442,RATP,100100486:486,486,486,3,00643C,ffffff
442,RATP,100100488:488,488,488,3,0055C8,ffffff
442,RATP,100100487:487,487,487,3,FFBE00,000000
442,RATP,100100370:370,370,370,3,82C8E6,000000
442,RATP,100100368:368,368,368,3,D2D200,000000
442,RATP,100100372:372,372,372,3,FFBE00,000000
442,RATP,100100379:379,379,379,3,FFBE00,000000
442,RATP,100100378:378,378,378,3,00643C,ffffff
442,RATP,100100367:367,367,367,3,FFBE00,000000
442,RATP,100100356:356,356,356,3,FF5A00,ffffff
442,RATP,100100355:355,355,355,3,640082,ffffff
442,RATP,100100360:360,360,360,3,D2D200,000000
442,RATP,100100366:366,366,366,3,0055C8,ffffff
442,RATP,100100361:361,361,361,3,0055C8,ffffff
442,RATP,100100038:38,38,38,3,0055C8,ffffff
442,RATP,100100393:393,393,393,3,82C8E6,000000
442,RATP,100100391:391,391,391,3,D2D200,000000
442,RATP,100100394:394,394,394,3,640082,ffffff
442,RATP,100100396:396,396,396,3,D2D200,000000
442,RATP,100100395:395,395,395,3,0055C8,ffffff
442,RATP,100100390:390,390,390,3,82C8E6,000000
442,RATP,100100385:385,385,385,3,DC9600,000000
442,RATP,100100380:380,380,380,3,82DC73,000000
442,RATP,100100388:388,388,388,3,FFBE00,000000
442,RATP,100100039:39,39,39,3,A0006E,ffffff
442,RATP,100100389:389,389,389,3,0055C8,ffffff
442,RATP,100100545:545,545,545,3,FFBE00,000000
442,RATP,100100082:82,82,82,3,FF5A00,ffffff
442,RATP,100100080:80,80,80,3,FF82B4,000000
442,RATP,100100083:83,83,83,3,FFBE00,000000
442,RATP,100100085:85,85,85,3,6E5B1E,ffffff
442,RATP,100100084:84,84,84,3,D282BE,000000
442,RATP,100100077:77,77,77,3,0055C8,ffffff
442,RATP,100100073:73,73,73,3,6E5B1E,ffffff
442,RATP,100100072:72,72,72,3,FF1400,ffffff
442,RATP,100100074:74,74,74,3,D2D200,000000
442,RATP,100100076:76,76,76,3,640082,ffffff
442,RATP,100100075:75,75,75,3,FFBE00,000000
442,RATP,100100086:86,86,86,3,FF1400,ffffff
442,RATP,100100095:95,95,95,3,640082,ffffff
442,RATP,100100094:94,94,94,3,A0006E,ffffff
442,RATP,100100096:96,96,96,3,DC9600,000000
442,RATP,100100537:AUDONIE,AUDONIE,L'AUDONIENNE,3,DF9AB1,000000
442,RATP,100100544:AS-SURE,AS-SURE,AS AUTOBUS SURESNOIS,3,216EB4,ffffff
442,RATP,100100093:93,93,93,3,82DC73,000000
442,RATP,100100088:88,88,88,3,D2D200,000000
442,RATP,100100087:87,87,87,3,640082,ffffff
442,RATP,100100089:89,89,89,3,82C8E6,000000
442,RATP,100100092:92,92,92,3,FFBE00,000000
442,RATP,100100091:91,91,91,3,DC9600,000000
442,RATP,100100566:566,566,COLOMB,3,DE8B53,000000
442,RATP,100100565:565,565,565,3,00643C,ffffff
442,RATP,100100057:57,57,57,3,6E6E00,ffffff
442,RATP,100100059:59,59,59,3,DC9600,000000
442,RATP,100100058:58,58,58,3,00643C,ffffff
442,RATP,100100564:564,564,564,3,0055C8,ffffff
442,RATP,100100559:559B,559B,LIGNE BLEUE,3,D282BE,000000
442,RATP,100100559:559A,559A,LIGNE BLEUE,3,FFBE00,000000
442,RATP,100100559:559C,559C,LIGNE BLEUE,3,FF5A00,ffffff
442,RATP,100100056:56,56,56,3,A0006E,ffffff
442,RATP,100100559:559D,559D,LIGNE BLEUE,3,6E6E00,ffffff
442,RATP,100100595:595,595,595,3,0055C8,ffffff
442,RATP,100100068:68,68,68,3,FFBE00,000000
442,RATP,100100067:67,67,67,3,FF82B4,000000
442,RATP,100100069:69,69,69,3,82C8E6,000000
442,RATP,100100071:71,71,71,3,6E5B1E,ffffff
442,RATP,100100070:70,70,70,3,FF5A00,ffffff
442,RATP,100100066:66,66,66,3,00643C,ffffff
442,RATP,100100061:61,61,61,3,00643C,ffffff
442,RATP,100100060:60,60,60,3,FF1400,ffffff
442,RATP,100100062:62,62,62,3,6E5B1E,ffffff
442,RATP,100100064:64,64,64,3,82DC73,000000
442,RATP,100100063:63,63,63,3,D2D200,000000
964,Poissy Aval - Deux Rives de Seine,052052026:26,26,26,3,C49CC7,000000
964,Poissy Aval - Deux Rives de Seine,052052022:22,22,22,3,B0BD72,000000
964,Poissy Aval - Deux Rives de Seine,052052003:3,3,3,3,93D5F6,000000
964,Poissy Aval - Deux Rives de Seine,052052029:29,29,29,3,99FF33,000000
964,Poissy Aval - Deux Rives de Seine,052052112:12,12,12,3,F6A000,000000
964,Poissy Aval - Deux Rives de Seine,052052011:1,1,1,3,C27E4B,000000
964,Poissy Aval - Deux Rives de Seine,052052012:2,2,2,3,A2C745,000000
964,Poissy Aval - Deux Rives de Seine,052052013:13,13,13,3,12936D,ffffff
964,Poissy Aval - Deux Rives de Seine,052052037:37,37,37,3,9E91C6,000000
964,Poissy Aval - Deux Rives de Seine,052052035:35,35,35,3,9ACFB4,000000
965,Express 80 - Mantes-Cergy,052052080:80,80,80,3,1AC7FF,000000
964,Poissy Aval - Deux Rives de Seine,052052039:39,39,39,3,739E9A,000000
964,Poissy Aval - Deux Rives de Seine,052052031:31,31,31,3,F3A26C,000000
964,Poissy Aval - Deux Rives de Seine,052052030:30,30,30,3,DEA712,000000
964,Poissy Aval - Deux Rives de Seine,052052033:33,33,33,3,97B9E2,000000
964,Poissy Aval - Deux Rives de Seine,052052032:32,32,32,3,907242,ffffff
1078,Cars D'Orsay,006006023:21,21,21,3,8C4B25,ffffff
1078,Cars D'Orsay,006006001:20,20,20,3,9998BE,000000
1078,Cars D'Orsay,006006002:2,2,2,3,FFED00,000000
1078,Cars D'Orsay,006006003:3,3,3,3,50B586,000000
1078,Cars D'Orsay,006006025:23,23,23,3,8A5D99,ffffff
1078,Cars D'Orsay,006006024:22,22,22,3,B6D061,000000
1078,Cars D'Orsay,006006015:15,15,15,3,253B82,ffffff
1078,Cars D'Orsay,006006014:14,14,14,3,54AEE3,000000
1078,Cars D'Orsay,006006010:1,1,1,3,CF2939,ffffff
1078,Cars D'Orsay,006006019:19,19,19,3,E78C2A,000000
1078,Cars D'Orsay,006006019:18,18,18,3,B6D061,000000
1078,Cars D'Orsay,006006016:16,16,16,3,E78C2A,000000
1078,Cars D'Orsay,006006019:S2,S2,S2,3,54AEE3,000000
1078,Cars D'Orsay,006006015:S15,S15,S15,3,253B82,ffffff
1078,Cars D'Orsay,006006019:S1,S1,S1,3,FFED00,000000
1078,Cars D'Orsay,269269002:S9,S9,S9,3,C20069,ffffff
1078,Cars D'Orsay,006006019:S4,S4,S4,3,D073A1,000000
1078,Cars D'Orsay,006006019:S3,S3,S3,3,B6D061,000000
1078,Cars D'Orsay,006006006:6,6,6,3,8A5D99,ffffff
1078,Cars D'Orsay,006006005:5,5,5,3,0087C8,ffffff
1078,Cars D'Orsay,006006004:4,4,4,3,E78C29,000000
1078,Cars D'Orsay,269269002:9,9,9,3,D7437E,ffffff
1078,Cars D'Orsay,006006008:8,8,8,3,E7A3BF,000000
1078,Cars D'Orsay,006006007:7,7,7,3,FACC00,000000
571,Albatrans,291191004:91-04,91-04,EXPRESS 91-04,3,1AC7FF,000000
571,Albatrans,291191005:91-05,91-05,EXPRESS 91-05,3,1AC7FF,000000
571,Albatrans,291191003:91-03,91-03,EXPRESS 91-03,3,1AC7FF,000000
571,Albatrans,291191001:91-01,91-01,EXPRESS 91-01,3,1AC7FF,000000
571,Albatrans,291191002:91-02,91-02,EXPRESS 91-02,3,1AC7FF,000000
571,Albatrans,291191006:91-06,91-06,EXPRESS 91-06,3,1AC7FF,000000
571,Albatrans,291191010:91-10,91-10,EXPRESS 91-10,3,1AC7FF,000000
571,Albatrans,291191011:91-11,91-11,EXPRESS 91-11,3,1AC7FF,000000
571,Albatrans,291191009:91-09,91-09,EXPRESS 91-09,3,1AC7FF,000000
571,Albatrans,291191007:91-07,91-07,91-07,3,ED2939,ffffff
571,Albatrans,291191008:91-08,91-08,EXPRESS 91-08,3,1AC7FF,000000
447,Trans Val de France,054054018:18,18,18,3,034AD9,ffffff
447,Trans Val de France,054054017:17,17,17,3,9CFA00,000000
447,Trans Val de France,054054012:12,12,12,3,40C9FF,000000
447,Trans Val de France,054054019:19,19,19,3,DE00D9,ffffff
105,Seine et Marne Express,054054020:Express20,Express20,20 express,3,1AC7FF,000000
447,Trans Val de France,054054009:9,9,9,3,E5000F,ffffff
447,Trans Val de France,054054008:8,8,8,3,0DAB00,ffffff
379,LES CARS BLEUS,084184005:184-005,184-005,184-005,3,1F398E,ffffff
379,LES CARS BLEUS,084184006:184-006,184-006,184-006,3,0F8747,ffffff
379,LES CARS BLEUS,084184008:184-008,184-008,184-008,3,13A5E0,ffffff
379,LES CARS BLEUS,084184001:184-001,184-001,184-001,3,89C379,000000
379,LES CARS BLEUS,084184003:184-003,184-003,184-003,3,CDCB14,000000
379,LES CARS BLEUS,084184004:184-004,184-004,184-004,3,1BA196,ffffff
379,LES CARS BLEUS,084184013:184-013,184-013,184-013,3,0177A5,ffffff
379,LES CARS BLEUS,084284003:284-003,284-003,284-003,3,F28800,ffffff
379,LES CARS BLEUS,084284004:284-004,284-004,284-004,3,EE7AA6,ffffff
379,LES CARS BLEUS,084284006:284-006,284-006,284-006,3,9F2A82,ffffff
379,LES CARS BLEUS,084184014:184-014,184-014,184-014,3,006EB9,ffffff
379,LES CARS BLEUS,084284001:284-001,284-001,284-001,3,E40613,ffffff
379,LES CARS BLEUS,084284002:284-002,284-002,284-002,3,FDC935,000000
369,Apolo 7,101261024:4,4,4,3,DC9015,000000
369,Apolo 7,101261124:4s,4s,4s,3,DC9015,000000
369,Apolo 7,101261027:5,5,5,3,00B8E0,000000
369,Apolo 7,014361113:3s,3s,3s,3,B44A9C,ffffff
369,Apolo 7,101261020:1,1,1,3,F9DC00,000000
369,Apolo 7,101261026:2,2,2,3,0074BA,ffffff
369,Apolo 7,014361013:3,3,3,3,B44A9C,ffffff
369,Apolo 7,101261128:8s,8s,8s,3,8C5E23,ffffff
369,Apolo 7,101261023:9,9,9,3,19B200,ffffff
369,Apolo 7,101261123:9s,9s,9s,3,19B200,ffffff
369,Apolo 7,101261028:8,8,8,3,8C5E23,ffffff
369,Apolo 7,101261022:6,6,6,3,AF171A,ffffff
369,Apolo 7,101261021:7,7,7,3,97BF35,000000
369,Apolo 7,101261121:7s,7s,7s,3,97BF35,000000
1075,Tramy,097097027:27,27,27,3,D60093,ffffff
1076,Yerres - Brie Centrale,097097024:24,24,24,3,F79646,000000
1076,Yerres - Brie Centrale,097097020:20,20,20,3,73FF00,000000
274,Arlequin,097097030:30C,30C,30C,3,E00023,ffffff
274,Arlequin,097097030:30A,30A,30A,3,E00023,ffffff
1075,Tramy,097097029:29M,29M,29M,3,CCCC00,000000
1077,Seine & Marne Express 17,097177017:17,17,17,3,2680FF,000000
1075,Tramy,097097003:03B,03B,03B,3,CC9900,000000
1075,Tramy,097097003:03A,03A,03A,3,CC9900,000000
105,Seine et Marne Express,097177001:01,01,01,3,FFBF00,000000
1076,Yerres - Brie Centrale,097097014:14,14,14,3,FF0000,ffffff
1075,Tramy,097097012:12A,12A,12A,3,8EB4E3,000000
1075,Tramy,097097009:09M,09M,09M,3,996633,ffffff
1075,Tramy,097097031:31A,31A,31A,3,FFCC00,000000
344,Pays Fertois,097097041:41B,41B,41B,3,FA0500,ffffff
344,Pays Fertois,097097041:41A,41A,41A,3,FA0500,ffffff
344,Pays Fertois,097097040:40,40,40,3,45F7E5,000000
1075,Tramy,097097013:B,B,B,3,0070C0,ffffff
1075,Tramy,097097013:A,A,A,3,D60093,ffffff
345,Sol'R,097677043:43,43,43,3,009339,000000
1075,Tramy,097097038:38,38,38,3,9DA0A1,000000
345,Sol'R,097097033:33,33,33,3,F09CB7,000000
1075,Tramy,097097031:31C,31C,31C,3,FFCC00,000000
1075,Tramy,097097031:31B,31B,31B,3,FFCC00,000000
1076,Yerres - Brie Centrale,097097037:37RPI,37RPI,37RPI,3,FF9999,000000
1076,Yerres - Brie Centrale,097097037:37A,37A,37A,3,FF9999,000000
1076,Yerres - Brie Centrale,097097034:34A,34A,34A,3,9B9B9B,000000
365,ValBus,030030023:30-23,30-23,30-23,3,C98CFF,000000
367,LACROIX,030030025:30-25,30-25,30-25 Scolaire,3,000EF0,ffffff
365,ValBus,030030022:30-22,30-22,30-22,3,8CE3FF,000000
366,Parisis,030030021:30-21Est,30-21Est,30-21Est,3,FF8C75,000000
366,Parisis,030030021:30-21Oues,30-21Oues,30-21Ouest,3,FF8C75,000000
367,LACROIX,030030027:30-27,30-27,30-27 Scolaire,3,FF70C4,000000
367,LACROIX,030030032:30-32,30-32,30-32 Scolaire,3,00D943,ffffff
367,LACROIX,030030033:30-33,30-33,30-33 Scolaire,3,00D6FF,000000
367,LACROIX,030030031:30-31,30-31,30-31 Scolaire,3,D117FF,000000
367,LACROIX,030030028:30-28,30-28,30-28 Scolaire,3,A8A80F,000000
367,LACROIX,030030029:30-29,30-29,30-29 Scolaire,3,FF7DFF,000000
366,Parisis,030030007:30-07,30-07,30-07 Herblay,3,C46C76,000000
366,Parisis,030030009:30-09,30-09,30-09 Beauchamp,3,FAF229,000000
366,Parisis,030030005:30-05,30-05,30-05,3,231F20,ffffff
365,ValBus,030030003:30-03,30-03,30-03 Franconville,3,FF8CC4,000000
367,LACROIX,030030004:30-04,30-04,30-04 Scolaire,3,FF9E3D,000000
366,Parisis,030030010:30-10,30-10,30-10,3,8CFFED,000000
365,ValBus,030030014:30-14,30-14,30-14,3,8CD4FF,000000
366,Parisis,030030018:30-18,30-18,30-18,3,FF8C3B,000000
367,LACROIX,030030013:30-13,30-13,30-13,3,FFA1D1,000000
365,ValBus,030030011:30-11,30-11,30-11 Ermont,3,87FC08,000000
366,Parisis,030030012:30-12,30-12,30-12,3,79D3DB,000000
215,Valoise,030195020:95-20,95-20,95-20,3,FF1FDB,000000
215,Valoise,030195021:95-21,95-21,95-21,3,87FC00,000000
215,Valoise,030195019:95-19,95-19,95-19,3,008B44,ffffff
215,Valoise,030195003:95-03A,95-03A,95-03A,3,00F016,ffffff
215,Valoise,030195003:95-03B,95-03B,95-03B,3,FF7D00,ffffff
758,Busval d'Oise,030195026:95-26,95-26,95-26 Scolaire,3,FF7319,000000
367,LACROIX,030595045:CitValN,CitéVal N,CitéVal Nord Herblay,3,F19200,FFFFFF
367,LACROIX,030595045:CitValS,CitéVal S,CitéVal Sud Herblay,3,006EB9,000000
367,LACROIX,030595051:CitValF,CitéVal F,CitéVal Franconville,3,87FC08,000000
215,Valoise,030195029:95-29,95-29,95-29,3,F19200,ffffff
367,LACROIX,030595050:CitValC,CitéVal C,CitéVal Cormeilles-en-Parisis,3,EE7AA6,FFFFFF
366,Parisis,030030038:30-38,30-38,30-38,3,C46C97,000000
367,LACROIX,030030039:30-39,30-39,30-39 Saint-Brice-sous-Forêt,3,408080,ffffff
365,ValBus,030030037:30-37,30-37,30-37,3,E38C8C,000000
367,LACROIX,030030034:30-34,30-34,30-34 Scolaire,3,E1B507,000000
367,LACROIX,030030036:30-36,30-36,30-36,3,00BF00,ffffff
367,LACROIX,030030042:30-42,30-42,30-42,3,E38CFF,000000
366,Parisis,030030048:30-48,30-48,30-48 Herblay,3,8CFFAD,000000
366,Parisis,030030049:30-49,30-49,30-49 Franconville,3,8C8FFF,000000
366,Parisis,030030047:30-47,30-47,30-47 Herblay,3,FF8C96,000000
365,ValBus,030030043:30-43,30-43,30-43 Ermont,3,FF8CFF,000000
366,Parisis,030030046:30-46,30-46,30-46 Cormeilles-en-Parisis (Sud),3,8CADFF,000000
405,HOURTOULE,027027020:20,20,20,3,69FFBD,ffffff
405,HOURTOULE,027027019:19,19,19,3,B8FFE0,000000
406,STAVO,044044040:40,40,40,3,EB6793,ffffff
406,STAVO,044044004:42,42,42,3,2B4D9A,ffffff
405,HOURTOULE,027141001:41,41,41,3,F18C04,000000
405,HOURTOULE,027027017:17,17,17,3,A6C9FF,ffffff
405,HOURTOULE,027027011:11,11,11,3,467D30,ffffff
405,HOURTOULE,027027010:10,10,10,3,78AC2C,ffffff
405,HOURTOULE,027027012:12,12,12,3,F51CFF,ffffff
405,HOURTOULE,027027015:15,15,15,3,40BFFF,ffffff
405,HOURTOULE,027027014:14,14,14,3,253883,ffffff
406,STAVO,044044043:43,43,43,3,F1E513,000000
405,HOURTOULE,027328078:78EXPRES,78 EXPRES,78 EXPRESS,3,40BFFF,ffffff
405,HOURTOULE,027027007:7,7,7,3,197790,ffffff
405,HOURTOULE,027027110:8,8,8,3,E74011,ffffff
406,STAVO,044044007:FA,FA,FA,3,991835,ffffff
405,HOURTOULE,027027009:9,9,9,3,78AC2C,ffffff
405,HOURTOULE,027027006:6,6,6,3,B1B9DF,000000
406,STAVO,044044045:45,45,45,3,78AC2C,ffffff
406,STAVO,044044001:44,44,44,3,FF0D14,ffffff
405,HOURTOULE,027027005:5,5,5,3,644C18,ffffff
406,STAVO,044044051:51,51,51,3,4DB5FF,ffffff
405,HOURTOULE,027027016:50,50,50,3,B1B9DF,000000
994,Génovébus,010010005:2,2,2,3,F5E312,000000
1026,Val d'Orge,010018005:1805,1805,1805,3,000000,FFFFFF
434,Orgebus,227227002:227-02,227-02,2272,3,0076BF,ffffff
434,Orgebus,227227001:227-01,227-01,2271,3,FF0000,ffffff
1026,Val d'Orge,010010007:107,107,107,3,2ECFFF,000000
994,Génovébus,010010005:1,1,1,3,E5122E,ffffff
1026,Val d'Orge,010010007:109,109,109,3,F200CC,ffffff
1026,Val d'Orge,010010007:108,108,108,3,8CFF00,000000
1030,Sud Ile-de-France,010010020:331,331,331,3,4C4C4C,ffffff
1029,Etampois,010010330:330,330,330,3,73D959,000000
1045,Dourdannais,010010085:85-01,85-01,8501,3,9FD2C5,000000
994,Génovébus,010010005:4,4,4,3,6BF5FF,000000
434,Orgebus,227227002:227-04,227-04,2274,3,FBCC9A,000000
434,Orgebus,227227003:227-03,227-03,2273,3,4CFF00,000000
994,Génovébus,010010005:3,3,3,3,BF59E5,000000
434,Orgebus,227227001:227-06,227-06,2276,3,BF19FF,ffffff
345,Sol'R,003003209:209,209,209,3,A8C973,000000
752,Stigo,003003201:201,201,201,3,339747,ffffff
752,Stigo,003003200:200,200,200,3,DFB8C9,000000
345,Sol'R,003003003:3,3,3,3,6C62AB,ffffff
1090,Yerres,003003023:23,23,23,3,FFDE1E,000000
345,Sol'R,003003021:21,21,21,3,CC0000,ffffff
274,Arlequin,003003014:14,14,14,3,FFA619,000000
752,Stigo,003003011:11,11,11,3,177C82,ffffff
345,Sol'R,003003010:10,10,10,3,FBB200,000000
752,Stigo,003003018:18,18,18,3,98C1E9,000000
345,Sol'R,003051017:17,17,17,3,B000FF,ffffff
274,Arlequin,003177016:16,16,16,3,1AC7FF,000000
345,Sol'R,003003309:309,309,309,3,009BC9,000000
368,Sit'bus,003351506:B,B,B,3,06B8E1,000000
368,Sit'bus,003351504:A,A,A,3,008D36,ffffff
345,Sol'R,003003007:7,7,7,3,5B9345,ffffff
368,Sit'bus,003351503:E,E,E,3,D896C1,000000
368,Sit'bus,003351505:D,D,D,3,2C2E83,ffffff
368,Sit'bus,003351507:C,C,C,3,732275,ffffff
274,Arlequin,003003005:5,5,5,3,6C64AC,ffffff
345,Sol'R,003003409:409,409,409,3,FFD600,000000
1090,Yerres,003003004:4,4,4,3,CA0037,ffffff
368,Sit'bus,003351502:502,502,502,3,FBE324,000000
368,Sit'bus,003351501:501,501,501,3,E2A34E,000000
368,Sit'bus,003351500:500,500,500,3,007A45,ffffff
344,Pays Fertois,067067034:34sco,34sco,34 Scolaire,3,CC7F3C,ffffff
344,Pays Fertois,067067035:35,35,35,3,F8B63A,ffffff
375,Pays Créçois,067067004:4,4,4,3,BC85BB,ffffff
344,Pays Fertois,067067034:34,34,34,3,CC7F3C,ffffff
344,Pays Fertois,067067032:32,32,32,3,35B660,ffffff
344,Pays Fertois,067067032:32sco,32sco,32 Scolaire,3,35B660,ffffff
344,Pays Fertois,067067033:33,33,33,3,BF6CAC,ffffff
376,Pays de l'Ourcq,067067047:47,47,47,3,8BA84C,ffffff
344,Pays Fertois,067067048:48,48,48,3,F085B5,ffffff
344,Pays Fertois,067067049:49A,49A,49A,3,EF373E,ffffff
376,Pays de l'Ourcq,067067046:46,46,46,3,914499,ffffff
376,Pays de l'Ourcq,067067040:40,40,40,3,FBBA83,ffffff
376,Pays de l'Ourcq,067067041:41,41,41,3,F37941,ffffff
376,Pays de l'Ourcq,067067042:42,42,42,3,FCB43B,ffffff
375,Pays Créçois,067067013:13B,13B,13B,3,1F97D4,ffffff
377,Pep's,067067014:14,14,14,3,312E81,ffffff
375,Pays Créçois,067067018:18,18,18,3,2E4EA2,ffffff
375,Pays Créçois,067067013:13A,13A,13A,3,1F97D4,ffffff
376,Pays de l'Ourcq,067067010:10,10,10,3,EDEA4D,ffffff
376,Pays de l'Ourcq,067067011:11,11,11,3,F4867B,ffffff
375,Pays Créçois,067067012:12,12,12,3,F178AE,ffffff
376,Pays de l'Ourcq,067067023:23,23,23,3,177FC2,ffffff
344,Pays Fertois,067067031:31,31,31,3,403E97,ffffff
344,Pays Fertois,067067031:31sco,31sco,31 Scolaire,3,403E97,ffffff
376,Pays de l'Ourcq,067067022:22,22,22,3,C6AE50,ffffff
375,Pays Créçois,067067019:19,19,19,3,F79036,ffffff
375,Pays Créçois,067067021:21,21,21,3,BE4999,ffffff
375,Pays Créçois,067067021:21sco,21sco,21 Scolaire,3,BE4999,ffffff
376,Pays de l'Ourcq,067067065:65,65,65,3,78A6D1,ffffff
344,Pays Fertois,067177067:67,67,EXPRESS 67,3,55B2E5,ffffff
105,Seine et Marne Express,067237069:69,69,MOBILIEN 69,3,55B2E5,ffffff
376,Pays de l'Ourcq,067067063:63,63,63,3,269FB2,ffffff
375,Pays Créçois,067067060:60,60,60,3,3A87C6,ffffff
376,Pays de l'Ourcq,067067061:61,61,61,3,CBDC4F,ffffff
344,Pays Fertois,067067062:62,62,MOBILIEN 62,3,55B2E5,ffffff
375,Pays Créçois,067067008:8A,8A,8A,3,A17A70,ffffff
375,Pays Créçois,067067008:8B,8B,8B,3,A17A70,ffffff
375,Pays Créçois,067067008:8C,8C,8C,3,A17A70,ffffff
375,Pays Créçois,067067073:73,73,73,3,D8B43C,ffffff
375,Pays Créçois,067067007:7,7,7,3,EF3536,ffffff
375,Pays Créçois,067067070:70,70,70,3,69BF80,ffffff
375,Pays Créçois,067067071:71,71,71,3,F04A72,ffffff
376,Pays de l'Ourcq,067067052:52,52,52,3,2394D2,ffffff
376,Pays de l'Ourcq,067067053:53,53,53,3,177FC2,ffffff
376,Pays de l'Ourcq,067067054:54,54,54,3,A5827A,ffffff
376,Pays de l'Ourcq,067067050:50,50,50,3,26B26A,ffffff
344,Pays Fertois,067067049:49B,49B,49B,3,EF373E,ffffff
375,Pays Créçois,067067004:4A,4A,4A,3,B95A76,ffffff
375,Pays Créçois,067067004:4B,4B,4B,3,3E1053,ffffff
375,Pays Créçois,067067058:58,58,58,3,24636E,ffffff
375,Pays Créçois,067067059:59,59,59,3,C1D95C,ffffff
377,Pep's,067067006:6,6,6,3,7CC284,ffffff
375,Pays Créçois,067067057:57,57,57,3,28B472,ffffff
376,Pays de l'Ourcq,067067054:54bis,54bis,54bis Crouy s. Ourcq,3,A5827A,ffffff
344,Pays Fertois,067067056:56,56,Express 56,3,BC85BB,ffffff
344,Pays Fertois,067067056:56sco,56sco,56 Scolaire,3,BC85BB,ffffff
407,TRANSPORTS DANIEL MEYER,055055002:DM02A,DM02 A,DM02 A,3,66FFFF,000000
408,ORMONT TRANSPORT,068913017:91317,913.17,913.17,3,EB6A0A,ffffff
408,ORMONT TRANSPORT,068913008:91308,913.08,913.08,3,B1C800,000000
407,TRANSPORTS DANIEL MEYER,055055002:DM02B,DM02 B,DM02 B,3,FF0000,ffffff
407,TRANSPORTS DANIEL MEYER,055055005:DM05,DM05,DM05,3,0066FF,ffffff
407,TRANSPORTS DANIEL MEYER,055055004:DM04,DM04,DM04,3,66FFFF,000000
407,TRANSPORTS DANIEL MEYER,055055003:DM03,DM03,DM03,3,97D036,ffffff
408,ORMONT TRANSPORT,068913002:2,2,2 - Croix de Vernailles,3,B5007C,ffffff
407,TRANSPORTS DANIEL MEYER,055055017:17,17,17,3,0077CC,000000
408,ORMONT TRANSPORT,068913001:1,1,1 - Guinette,3,FFDD00,000000
408,ORMONT TRANSPORT,068913018:3,3,3 - Saint Martin,3,B5007C,ffffff
408,ORMONT TRANSPORT,068068105:6805B,68.05 B,68.05 B,3,EB6A0A,ffffff
408,ORMONT TRANSPORT,068913031:6,6,6 - Hopital,3,9EA7D3,ffffff
408,ORMONT TRANSPORT,068913030:5,5,5 - Hopital,3,EE87B2,000000
407,TRANSPORTS DANIEL MEYER,055055006:DM06A,DM06 A,DM06 A,3,FFD900,000000
407,TRANSPORTS DANIEL MEYER,055055019:DM19,DM19,DM19,3,19CCFF,000000
407,TRANSPORTS DANIEL MEYER,055055016:DM16,DM16,DM16,3,33FF00,000000
407,TRANSPORTS DANIEL MEYER,055155003:DM153,DM153,DM153,3,66FFFF,000000
407,TRANSPORTS DANIEL MEYER,055055021:DM21A,DM21 A,DM21 A,3,FFD900,000000
407,TRANSPORTS DANIEL MEYER,055055026:DM26,DM26,DM26,3,FF66FF,000000
407,TRANSPORTS DANIEL MEYER,055055022:DM22,DM22,DM22,3,FF0000,ffffff
407,TRANSPORTS DANIEL MEYER,055055021:DM21B,DM21 B,DM21 B,3,9980FF,000000
407,TRANSPORTS DANIEL MEYER,055055011:DM11A,DM11 A,DM11 A,3,FF8C00,000000
407,TRANSPORTS DANIEL MEYER,055055010:DM10A,DM10 A,DM10 A,3,66FFFF,000000
407,TRANSPORTS DANIEL MEYER,055055008:DM08,DM08,DM08,3,FF8C00,000000
407,TRANSPORTS DANIEL MEYER,055055025:DM11C,DM11 C,DM11 C,3,FFD900,000000
407,TRANSPORTS DANIEL MEYER,055155001:DM151,DM151,DM151,3,1AC7FF,000000
407,TRANSPORTS DANIEL MEYER,055055013:DM13,DM13,DM13,3,9980FF,000000
407,TRANSPORTS DANIEL MEYER,055055012:DM12,DM12,DM12,3,0066FF,ffffff
448,Autobus du Fort,233233701:701,701,701,3,005AA1,ffffff
448,Autobus du Fort,233233702:702,702,702,3,1AC7FF,000000
448,Autobus du Fort,233233703:703,703,703,3,005AA1,ffffff
820,Seine Sénart Bus,021021201:A,A,A,3,E95E25,ffffff
820,Seine Sénart Bus,021021400:501,501,501,3,EB690B,ffffff
820,Seine Sénart Bus,021021200:4,4,4,3,498585,ffffff
820,Seine Sénart Bus,021021202:B,B,B,3,FDCC0D,000000
820,Seine Sénart Bus,021021205:D,D,D,3,1FA12E,ffffff
820,Seine Sénart Bus,021021204:C,C,C,3,BAA3CB,000000
820,Seine Sénart Bus,021021203:BM,BM,BM,3,AFC936,000000
820,Seine Sénart Bus,021021151:19,19,19,3,E75094,000000
820,Seine Sénart Bus,021021111:13,13,13,3,CCB299,000000
820,Seine Sénart Bus,021021110:12,12,12,3,7A6FAC,000000
820,Seine Sénart Bus,021021112:11L,11L,11L,3,0C773D,ffffff
820,Seine Sénart Bus,021021140:14,14,14,3,1DA6DF,000000
820,Seine Sénart Bus,021021150:18,18,18,3,83D1F2,000000
820,Seine Sénart Bus,021021170:17,17,17,3,BF1F25,ffffff
820,Seine Sénart Bus,021021160:16,16,16,3,F29520,000000
820,Seine Sénart Bus,021021206:E,E,E,3,00B2FF,000000
820,Seine Sénart Bus,021021153:RD15,RD15,RD15,3,7B2E1C,ffffff
820,Seine Sénart Bus,021021019:NavetteM,Navette M,Navette Montgeron,3,990000,ffffff
820,Seine Sénart Bus,021021152:LP2,LP2,LP2,3,F092BA,000000
820,Seine Sénart Bus,021021161:RD16,RD16,RD16,3,7A2512,ffffff
820,Seine Sénart Bus,021021182:SoireVi,Soirée Vi,Bus Soirée Vigneux,3,000000,FFFFFF
820,Seine Sénart Bus,021021183:SoireMo,Soirée Mo,Bus Soirée Montgeron,3,000000,FFFFFF
820,Seine Sénart Bus,021021181:SoireDr,Soirée Dr,Bus Soirée Draveil,3,000000,FFFFFF
820,Seine Sénart Bus,021021210:LP1,LP1,LP1,3,9C9EA1,000000
820,Seine Sénart Bus,021021209:H,H,H,3,F7C9DD,000000
820,Seine Sénart Bus,021021208:G,G,G,3,00A1A3,ffffff
820,Seine Sénart Bus,021021207:F,F,F,3,D9E7B1,000000
820,Seine Sénart Bus,021021100:Inter-Val,Inter-Val,Inter-Vals,3,14488E,ffffff
820,Seine Sénart Bus,021021503:LM3,LM3,LM3,3,E30059,ffffff
820,Seine Sénart Bus,021021502:LM2,LM2,LM2,3,E30059,ffffff
820,Seine Sénart Bus,021021501:LM1,LM1,LM1,3,E30059,ffffff
1014,PER,036036015:36-15,36-15,36-15,3,B1BADB,000000
678,SQYBUS,230410431:431,431,431,3,B1BADB,000000
678,SQYBUS,230410439:439,439,439,3,7BAA20,ffffff
678,SQYBUS,230410424:424,424,424,3,7BAA20,ffffff
678,SQYBUS,230410430:430,430,430,3,B1BADB,000000
678,SQYBUS,230410440:440,440,440,3,7BAA20,ffffff
678,SQYBUS,230410448:448,448,448,3,67C6D7,000000
678,SQYBUS,230410449:449,449,449,3,E9386A,ffffff
678,SQYBUS,230410441:441,441,441,3,B1BADB,000000
678,SQYBUS,230410444:444,444,444,3,B1BADB,000000
678,SQYBUS,230410423:423,423,423,3,7BAA20,ffffff
678,SQYBUS,230410414:414,414,414,3,E75112,ffffff
678,SQYBUS,230410415:415,415,415,3,E75112,ffffff
678,SQYBUS,230410401:401,401,401,3,7BAA20,ffffff
678,SQYBUS,230410402:402,402,402,3,B1BADB,000000
678,SQYBUS,230410417:417,417,417,3,E75112,ffffff
678,SQYBUS,230410420:420,420,420,3,7BAA20,ffffff
678,SQYBUS,230410422:422,422,422,3,7BAA20,ffffff
678,SQYBUS,230410418:418,418,418,3,E75112,ffffff
678,SQYBUS,230410419:419,419,419,3,7BAA20,ffffff
678,SQYBUS,230410463:463,463,463,3,7BAA20,ffffff
678,SQYBUS,230410464:464,464,464,3,7BAA20,ffffff
678,SQYBUS,230410460:460,460,460,3,B1BADB,000000
678,SQYBUS,230410461:461,461,461,3,7BAA20,ffffff
678,SQYBUS,230410465:465,465,465,3,E75112,ffffff
678,SQYBUS,230410468:468,468,468,3,7BAA20,ffffff
678,SQYBUS,230410475:475,475,475,3,1AC7FF,000000
678,SQYBUS,230410466:466,466,466,3,B1BADB,000000
678,SQYBUS,230410467:467,467,467,3,7BAA20,ffffff
678,SQYBUS,230410459:459,459,459,3,B1BADB,000000
678,SQYBUS,230410452:452,452,452,3,67C6D7,000000
678,SQYBUS,230410453:453,453,453,3,E9386A,ffffff
678,SQYBUS,230410450:450,450,450,3,FFB500,000000
678,SQYBUS,230410451:451,451,451,3,FF6305,ffffff
678,SQYBUS,230410454:454,454,454,3,77013F,ffffff
678,SQYBUS,230410457:457,457,457,3,0A4A33,ffffff
678,SQYBUS,230410458:458,458,458,3,9ED2E5,000000
678,SQYBUS,230410455:455,455,455,3,652884,ffffff
678,SQYBUS,230410456:456,456,456,3,6F3265,ffffff
119,STIVO,059440039:39,39,39,3,D2D200,000000
119,STIVO,059440038:38,38,38,3,FF1400,ffffff
119,STIVO,059440040:40,40,40,3,0055C8,ffffff
119,STIVO,059440043:43,43,43,3,6E6E00,ffffff
119,STIVO,059440042:42,42,42,3,FF5A00,000000
119,STIVO,059440033:33,33,33,3,82DC73,000000
119,STIVO,059440030:30,30,30,3,FF82B4,000000
119,STIVO,059440034:34,34,34,3,FFBE00,000000
119,STIVO,059440036:36,36,36,3,A0006E,ffffff
119,STIVO,059440035:35,35,35,3,82DC73,000000
119,STIVO,059440044:44,44,44,3,D282BE,000000
119,STIVO,059440057:57,57,57,3,00643C,ffffff
119,STIVO,059440056:56,56,56,3,5A230A,ffffff
119,STIVO,059440058:58,58,58,3,82C8E6,000000
119,STIVO,059440060:60,60,60,3,A50034,ffffff
119,STIVO,059440059:59,59,59,3,A0006E,ffffff
119,STIVO,059440047:47,47,47,3,5A230A,ffffff
119,STIVO,059440045:45,45,45,3,640082,ffffff
119,STIVO,059440048:48,48,48,3,FF5A00,000000
119,STIVO,059440055:55,55,55,3,D282BE,000000
119,STIVO,059440049:49,49,49,3,00A092,ffffff
285,Phébus,078078052:52,52,52,3,B6D7A8,000000
285,Phébus,078078053:53,53,53,3,A6A9CE,000000
285,Phébus,078078054:54,54,54,3,F4B797,000000
112,SITUS,010240004:4,4,4,3,FFDF00,000000
112,SITUS,010240004:41,41,41,3,B19C0F,ffffff
112,SITUS,010240004:42,42,42,3,C9D201,000000
112,SITUS,010240003:3,3,3,3,0097D5,000000
112,SITUS,010240001:1,1,1,3,6E1F64,ffffff
112,SITUS,010240010:10,10,10,3,5B3800,ffffff
112,SITUS,010240002:2,2,2,3,DB2F36,ffffff
112,SITUS,010240004:43,43,43,3,A4B20E,000000
112,SITUS,010240006:6,6,6,3,0064A4,ffffff
112,SITUS,010240007:7,7,7,3,C1CE00,000000
112,SITUS,010240008:8,8,8,3,76B72A,000000
112,SITUS,010240005:51,51,51,3,000000,FFFFFF
112,SITUS,010240004:44,44,44,3,F9B937,000000
112,SITUS,010240004:45,45,45,3,B38613,ffffff
112,SITUS,010240005:5,5,5,3,F29503,000000
326,VyBus,045045020:G2,G2,G2,3,A6D9F0,000000
326,VyBus,045045020:G1,G1,G1,3,A6D9F0,000000
326,VyBus,045045019:F4,F4,F4,3,FBBF28,000000
326,VyBus,045045005:H,H,H,3,B65190,ffffff
120,STRAV,045045004:J2,J2,J2,3,FABD00,000000
120,STRAV,045045004:J1,J1,J1,3,FFDC00,000000
326,VyBus,045045025:I,I,I,3,C09051,000000
326,VyBus,045045007:F,F,F,3,DF3182,ffffff
326,VyBus,045045012:C,C,C,3,95BC1B,000000
120,STRAV,045045011:B,B,B,3,00B7E3,000000
326,VyBus,045045010:A,A,A,3,3B96C9,000000
326,VyBus,045045009:D,D,D,3,E2BA00,000000
326,VyBus,045045006:E2,E2,E2,3,FBC322,000000
326,VyBus,045045006:E1,E1,E1,3,DA620C,ffffff
326,VyBus,045045006:E,E,E,3,DD0026,ffffff
120,STRAV,045045003:K,K,K,3,E2001C,ffffff
326,VyBus,045045022:R3,R3,R3,3,AAD3AC,000000
326,VyBus,045045022:R2,R2,R2,3,8CBE7D,000000
326,VyBus,045045022:R1B,R1B,R1B,3,74B655,000000
326,VyBus,045045023:S,S,S,3,A5A4CD,000000
326,VyBus,045302034:X,X,X,3,FFE400,000000
808,Seine-Senart Bus,045045008:V,V,V,3,89388A,ffffff
1098,Service Urbain de Villecresnes,045145026:U,U,U,3,004A98,ffffff
326,VyBus,045045022:R1A,R1A,R1A,3,74B655,000000
120,STRAV,045045030:O1,O1,O1,3,EC7FA9,000000
120,STRAV,045045013:N,N,N,3,74B655,000000
326,VyBus,045045024:M,M,M,3,FFDC00,000000
120,STRAV,045045030:O2,O2,O2,3,BD3F7C,ffffff
326,VyBus,045045022:R1,R1,R1,3,74B655,000000
326,VyBus,045302001:QBUS,QBUS,QBUS,3,B3D1E8,000000
808,Seine-Senart Bus,045045008:P,P,P,3,95BC1B,000000
419,Aérial,062062064:4,4,4,3,00FF00,000000
419,Aérial,062062066:3,3,3,3,ED7F10,ffffff
1058,Le Chatelet en Brie - Pays de Seine,062062041:41,41,41,3,25FDE9,000000
1058,Le Chatelet en Brie - Pays de Seine,062062040:40,40,40,3,F08262,ffffff
387,Comète,062258009:209,209,209,3,3A8923,ffffff
419,Aérial,062062112:111,111,111,3,AA3296,ffffff
419,Aérial,062062061:1,1,1,3,FF0000,ffffff
419,Aérial,062062062:2,2,2,3,1E7FCB,ffffff
419,Aérial,062062112:112,112,112,3,E73E01,ffffff
419,Aérial,062062013:6,6,6,3,791CF8,ffffff
419,Aérial,062062012:5,5,5,3,77B5FE,000000
419,Aérial,062062014:9,9,9,3,00FF00,000000
419,Aérial,062062067:8,8,8,3,0000FF,ffffff
105,Seine et Marne Express,062177046:46,46,46,3,1AC7FF,000000
1058,Le Chatelet en Brie - Pays de Seine,062062043:43,43,43,3,9FE855,000000
1058,Le Chatelet en Brie - Pays de Seine,062062042:42,42,42,3,811453,ffffff
1058,Le Chatelet en Brie - Pays de Seine,062062045:45,45,45,3,FD3F92,000000
1058,Le Chatelet en Brie - Pays de Seine,062062044:44,44,44,3,568203,ffffff
387,Comète,064258203:211,211,211,3,B33A00,ffffff
387,Comète,064608015:207,207,207,3,FF6600,ffffff
387,Comète,064258202:202,202,202,3,F04C50,ffffff
105,Seine et Marne Express,064177034:EXPRESS34,EXPRESS34,EXPRESS 34,3,1AC7FF,000000
118,STILL,064608024:5,5,5,3,004C93,ffffff
118,STILL,064608023:4,4,4,3,EE8260,000000
107,Sénart-Bus,065487020:27,27,27,3,F287B6,000000
107,Sénart-Bus,065487132:31,31,31,3,40147F,ffffff
107,Sénart-Bus,065487128:26,26,26,3,B6DE92,000000
107,Sénart-Bus,065487127:24,24,24,3,8E4900,ffffff
107,Sénart-Bus,065487126:25,25,25,3,B5539A,ffffff
107,Sénart-Bus,065487060:35,35,35,3,FF7F00,ffffff
107,Sénart-Bus,065487036:36,36,36,3,EBDB01,000000
107,Sénart-Bus,065487034:34,34,34,3,8E4900,ffffff
107,Sénart-Bus,065487131:32,32,32,3,EE1D23,ffffff
107,Sénart-Bus,065487139:33,33,33,3,0A560B,ffffff
107,Sénart-Bus,065487129:23,23,23,3,0A560B,ffffff
107,Sénart-Bus,065487004:04,04,04,3,FF7F00,ffffff
107,Sénart-Bus,065487002:05,05,05,3,BC8431,ffffff
107,Sénart-Bus,065487003:03,03,03,3,00AFAD,000000
107,Sénart-Bus,065487001:01,01,01,3,005C63,ffffff
107,Sénart-Bus,065487002:02,02,02,3,FCBB73,000000
107,Sénart-Bus,065487122:21,21,21,3,40147F,ffffff
107,Sénart-Bus,065487123:22,22,22,3,EE1D23,ffffff
107,Sénart-Bus,065487013:13,13,13,3,0A560B,ffffff
107,Sénart-Bus,065487011:11,11,11,3,40147F,ffffff
107,Sénart-Bus,065487012:12,12,12,3,EE1D23,ffffff
107,Sénart-Bus,065487060:62A,62A,62A,3,00AFAD,000000
107,Sénart-Bus,065487060:62B,62B,62B,3,005C63,ffffff
107,Sénart-Bus,065487020:61B,61B,61B,3,FCBB73,000000
108,Sénart-Express,065065055:55,55,55,3,1AC7FF,000000
107,Sénart-Bus,065487110:61A,61A,61A,3,F3BD04,000000
107,Sénart-Bus,065487132:CPSF,CPSF,CPSF,3,B5539A,ffffff
107,Sénart-Bus,065487100:Tzen1,Tzen1,Tzen1,3,C5CE00,000000
107,Sénart-Bus,065487109:64,64,64,3,B5539A,ffffff
107,Sénart-Bus,065487020:62C,62C,62C,3,93D5F6,000000
107,Sénart-Bus,065487060:63,63,63,3,EC619F,000000
108,Sénart-Express,065065096:54,54,54,3,1AC7FF,000000
107,Sénart-Bus,065487042:42P,42P,42P,3,FF7171,000000
107,Sénart-Bus,065487043:43,43,43,3,0A560B,ffffff
107,Sénart-Bus,065487042:42,42,42,3,EE1D23,ffffff
107,Sénart-Bus,065487037:37,37,37,3,93D5F6,000000
107,Sénart-Bus,065487041:41,41,41,3,8E4900,ffffff
107,Sénart-Bus,065487020:52,52,52,3,EBDB01,000000
107,Sénart-Bus,065487110:53,53,53,3,FF7F00,ffffff
108,Sénart-Express,065065051:51,51,51,3,9B9BCD,000000
107,Sénart-Bus,065487043:43P,43P,43P,3,B6DE92,000000
108,Sénart-Express,065065050:50,50,50,3,1AC7FF,000000
642,Réseau du Canton de Perthes,063063113:115,115,115,3,008A2F,000000
642,Réseau du Canton de Perthes,063063113:114,114,114,3,FAE91A,000000
642,Réseau du Canton de Perthes,063063022:20,20,20,3,BD1220,ffffff
642,Réseau du Canton de Perthes,063063014:14,14,14,3,FFFF00,000000
642,Réseau du Canton de Perthes,063063113:113,113,113,3,BD1220,ffffff
642,Réseau du Canton de Perthes,063063009:09,09,09,3,7F1518,ffffff
274,Arlequin,063063006:06,06,06,3,E8E33E,000000
642,Réseau du Canton de Perthes,063063111:112,112,112,3,7E1518,ffffff
642,Réseau du Canton de Perthes,063063111:111,111,111,3,BD1220,ffffff
642,Réseau du Canton de Perthes,063063021:21,21,21,3,004A99,ffffff
642,Réseau du Canton de Perthes,063063011:S13,S13,S13,3,008FD0,000000
642,Réseau du Canton de Perthes,063063011:S12,S12,S12,3,7F3C8C,ffffff
642,Réseau du Canton de Perthes,063063011:V,V,V,3,93107E,ffffff
642,Réseau du Canton de Perthes,063063011:S14,S14,S14,3,BD1220,ffffff
642,Réseau du Canton de Perthes,063063011:S11,S11,S11,3,FDC300,000000
642,Réseau du Canton de Perthes,063063001:I,I,I,3,799C13,ffffff
642,Réseau du Canton de Perthes,063063022:23,23,23,3,008A2F,000000
642,Réseau du Canton de Perthes,063063011:S10,S10,S10,3,20A12E,000000
1047,TRAM,063063013:P,P,P,3,9C9D9F,000000
1094,MELIBUS,066366036:G,G,G,3,92D1D1,000000
1094,MELIBUS,066066025:Fd,Fd,Fd,3,38761D,ffffff
1094,MELIBUS,066066025:F,F,F,3,38761D,ffffff
1094,MELIBUS,066066027:K,K,K,3,7F408E,ffffff
1094,MELIBUS,066366030:Jd,Jd,Jd,3,162883,ffffff
1094,MELIBUS,066366030:J,J,J,3,162883,ffffff
1094,MELIBUS,066066024:E,E,E,3,EA690A,ffffff
1094,MELIBUS,066066022:C,C,C,3,D39D00,000000
1094,MELIBUS,066066021:B,B,B,3,FFEC00,000000
1094,MELIBUS,066066020:A,A,A,3,E20019,ffffff
1094,MELIBUS,066066023:D,D,D,3,0069B2,ffffff
1095,CITALIEN,066487077:CITALIEN,CITALIEN,CITALIEN,3,000000,FFFFFF
1094,MELIBUS,066066022:Cd,Cd,Cd,3,D39D00,000000
1094,MELIBUS,066066023:L,L,L,3,ED87B1,000000
1094,MELIBUS,066066021:S6,S6,S6,3,F5B1CB,000000
1094,MELIBUS,066366036:S5,S5,S5,3,009A3E,ffffff
1094,MELIBUS,066366003:S4,S4,S4,3,FAE212,000000
1094,MELIBUS,066066037:T,T,T,3,009A54,000000
1094,MELIBUS,066366036:S8,S8,S8,3,006AB3,ffffff
1094,MELIBUS,066066021:S7,S7,S7,3,EA9999,000000
1094,MELIBUS,066366007:S3,S3,S3,3,1FBBE7,000000
1094,MELIBUS,066366034:O,O,O,3,E20079,ffffff
1094,MELIBUS,066066026:N,N,N,3,009DE0,000000
1094,MELIBUS,066066027:M,M,M,3,B1C800,000000
1094,MELIBUS,066366007:S2,S2,S2,3,E2087A,ffffff
1094,MELIBUS,066366007:S1,S1,S1,3,F29F14,000000
1094,MELIBUS,066366107:OSCO,O SCO,O SCO,3,FF69FF,000000
753,Rambouillet Interurbain,013013019:19,19,19,3,F5A488,000000
1096,Dourdanais,013013018:18,18,18,3,F5A162,000000
747,Houdanais,013013016:16,16,16,3,D0D0D0,000000
753,Rambouillet Interurbain,013013020:20,20,20,3,CE9FC5,000000
753,Rambouillet Interurbain,013013025:25,25,25,3,CC9EC6,000000
753,Rambouillet Interurbain,013013024:24,24,24,3,FEEE5D,000000
1096,Dourdanais,013013022:22,22,22,3,008A2F,ffffff
747,Houdanais,013013015:15,15,15,3,B3B300,000000
753,Rambouillet Interurbain,013013005:05,05,05,3,96C0E8,000000
753,Rambouillet Interurbain,013013003:03,03,03,3,FCE800,000000
753,Rambouillet Interurbain,013013001:01,01,01,3,F4AACC,000000
753,Rambouillet Interurbain,013013008:08,08,08,3,9DC48A,000000
753,Rambouillet Interurbain,013013012:12,12,12,3,1AC7FF,000000
753,Rambouillet Interurbain,013013011:11,11,11,3,1AC7FF,000000
753,Rambouillet Interurbain,013013010:10,10,10,3,1AC7FF,000000
753,Rambouillet Interurbain,013013026:26,26,26,3,F0A9C9,000000
507,rbus,013013100:A,A,A,3,E30613,ffffff
753,Rambouillet Interurbain,013013089:89,89,89,3,FEE900,000000
753,Rambouillet Interurbain,013013079:79,79,79,3,B8DDD1,000000
507,rbus,013013101:B,B,B,3,2581C4,ffffff
507,rbus,013013102:E,E,E,3,F7A823,000000
507,rbus,013013104:D,D,D,3,A2BF1A,000000
507,rbus,013013105:C,C,C,3,F0A9C9,000000
1096,Dourdanais,013013006:63,63,63,3,FF7A17,000000
753,Rambouillet Interurbain,013013039:39,39,39,3,F9B000,000000
753,Rambouillet Interurbain,013013030:30,30,30,3,99CEC4,000000
753,Rambouillet Interurbain,013013029:29,29,29,3,F1A388,000000
753,Rambouillet Interurbain,013013049:49,49,49,3,EACE9B,000000
1096,Dourdanais,013013006:62,62,62,3,F2FF19,000000
1096,Dourdanais,013013006:61,61,61,3,FF1F52,ffffff
753,Rambouillet Interurbain,013013059:59,59,59,3,DBA5CB,000000
101,SAVAC,039262262:262,262,262 Versailles - St-Rémy-lès-Chevreuse,3,E30613,ffffff
101,SAVAC,039039307:307,307,Express 307 Vélizy - Montigny-le-Bretonneux,3,1AC7FF,000000
101,SAVAC,039039007:39-07,39-07,39-07 Orsay - St-Arnoult-en-Yvelines,3,97B0AF,000000
101,SAVAC,039039004:10,10,10 Gif-sur-Yvette - Buc,3,F0BCD4,000000
101,SAVAC,039039008:11,11,11 Gare de Gif-sur-Yvette - Chevry - Parc Orsay Université,3,009A7A,ffffff
101,SAVAC,039262261:261,261,261 Versailles - Buc/Haut-Pré,3,EF7D00,ffffff
101,SAVAC,039039103:39-103,39-103,39-103 St-Rémy-lès-Chevreuse - Dampierre - Cernay-la-Ville,3,DDCA00,000000
101,SAVAC,039039303:39-303,39-303,39-303 St-Rémy-lès-Chevreuse - Rambouillet,3,646363,ffffff
101,SAVAC,039039403:39-403,39-403,39-403 St-Rémy-lès-Chevreuse - Rhodon - Chevreuse,3,936FAF,000000
101,SAVAC,039039001:Navette,Navette,Navette,3,7B5AA5,ffffff
101,SAVAC,039039012:39-12,39-12,39-12 Versailles - Guyancourt - Magny-les-Hameaux,3,AFB9DF,000000
101,SAVAC,039039017:39-17,39-17,39-17 St-Rémy-lès-Chevreuse - La Verrière,3,86BC25,000000
101,SAVAC,039039018:39-18,39-18,39-18 Limours - Arpajon,3,EC6445,ffffff
282,CSO,015015021:21,21,21,3,F7A600,000000
282,CSO,015015020:20,20,20,3,B395B1,000000
282,CSO,015015002:2,2,2,3,E30613,ffffff
282,CSO,015015025:25,25,25,3,E6007E,ffffff
282,CSO,015015024:24,24,24,3,316D1E,ffffff
282,CSO,015015023:23,23,23,3,AC8FAB,000000
282,CSO,015015010:10,10,10,3,DED7E7,000000
282,CSO,015015006:1,1,1,3,9C91C5,000000
282,CSO,015015043:1,1,1,3,000000,FFFFFF
282,CSO,015015016:16,16,16,3,A0808B,000000
282,CSO,015015014:14,14,14,3,E3E393,000000
282,CSO,015015011:11,11,11,3,D7ECF5,000000
285,Phébus,004004019:60,60,60,3,1AC7FF,000000
282,CSO,015015001:6,6,6,3,FFCC00,000000
282,CSO,015078055:55,55,55,3,C4A500,000000
282,CSO,015015098:98,98,98,3,687C61,ffffff
282,CSO,015015019:9,9,9 Express,3,1AC7FF,000000
282,CSO,015243007:7,7,7,3,C3987A,000000
282,CSO,015242004:4,4,4 Express,3,1AC7FF,000000
282,CSO,015015028:28,28,28,3,9AB8C6,000000
282,CSO,015015027:27,27,27,3,F5B5D3,000000
282,CSO,015015052:52,52,52,3,F59C00,000000
282,CSO,015015051:51,51,51,3,F5A488,000000
282,CSO,015015050:50,50,50,3,005D89,ffffff
747,Houdanais,005005035:35,35,35,3,BDA40F,000000
747,Houdanais,005005031:31,31,31,3,EFD561,000000
747,Houdanais,005005038:38,38,38,3,9F6F16,ffffff
747,Houdanais,005005041:41,41,41,3,EBA2AC,000000
747,Houdanais,005005040:40,40,40,3,7AA9C5,000000
747,Houdanais,005005017:17,17,17,3,A1C74D,000000
989,Plaine de Versailles,005005013:13,13,13,3,F4A7B0,000000
747,Houdanais,005005002:2,2,2,3,F5A162,000000
747,Houdanais,005005022:22,22,22,3,BC9AC8,000000
747,Houdanais,005005021:21,21,21,3,F5A488,000000
747,Houdanais,005005061:61,61,61,3,686183,ffffff
747,Houdanais,005005060:60,60,60,3,1AC7FF,000000
747,Houdanais,005005065:65,65,65,3,C29CC8,000000
747,Houdanais,005005009:9,9,9,3,97B9E2,000000
747,Houdanais,005005067:67,67,67,3,1AC7FF,000000
747,Houdanais,005005048:48,48,48,3,FFDD00,000000
747,Houdanais,005005045:45,45,45,3,867DA9,000000
990,Tam Limay,005005015:501,501,501,3,96B28A,000000
747,Houdanais,005005055:55,55,55,3,FFCC00,000000
747,Houdanais,005005051:51,51,51,3,FDD59B,000000
967,Val de Seine,011011311:311,311,311,3,A8A8A7,000000
967,Val de Seine,011011312:312,312,312,3,94D0ED,000000
1054,Bus O'Mureaux,011011322:3,3,3,3,A2C73B,000000
1054,Bus O'Mureaux,011011321:2,2,2,3,164194,ffffff
967,Val de Seine,011011021:21,21,21,3,FDD200,000000
967,Val de Seine,011011034:34,34,34,3,9187B7,000000
1054,Bus O'Mureaux,011011323:4,4,4,3,FCCF99,000000
967,Val de Seine,011011033:33,33,33,3,F4AACC,000000
967,Val de Seine,011011313:313,313,313,3,A2C73B,000000
967,Val de Seine,011011032:32,32,32,3,C58F7D,000000
967,Val de Seine,011011002:2,2,2,3,FCCF99,000000
967,Val de Seine,011011014:14,14,14,3,A5BE9A,000000
989,Plaine de Versailles,011011017:17,17,17,3,F3A489,000000
967,Val de Seine,011011013:13,13,13,3,B9B8AF,000000
967,Val de Seine,011011010:10,10,10,3,B698C7,000000
967,Val de Seine,011011012:12,12,12,3,F4AACC,000000
989,Plaine de Versailles,011011017:17S,17S,17S,3,F3A489,000000
967,Val de Seine,011011180:18,18,18,3,F5A374,000000
989,Plaine de Versailles,011011172:172,172,172,3,9A95BB,000000
989,Plaine de Versailles,011011170:170,170,170,3,F49C03,000000
989,Plaine de Versailles,011011171:171,171,171,3,A2C335,000000
967,Val de Seine,011011041:41,41,41,3,6C666E,ffffff
967,Val de Seine,011011009:9,9,9,3,F3A814,000000
758,Busval d'Oise,011195022:95-22,95-22,95-22,3,0D99BF,000000
989,Plaine de Versailles,011011077:77,77,77,3,B898C4,000000
989,Plaine de Versailles,011011750:75,75,75,3,00B266,ffffff
989,Plaine de Versailles,011011760:76,76,76,3,F5A374,000000
968,Express 19 Les Mureaux - Versailles,011011019:Express19,Express19,Express19,3,1AC7FF,000000
1054,Bus O'Mureaux,011011320:N1,N1,N1,3,E30613,ffffff
758,Busval d'Oise,011195025:95-25,95-25,95-25,3,C58F7D,000000
758,Busval d'Oise,011195023:95-23,95-23,95-23,3,F4AACC,000000
758,Busval d'Oise,011195024:95-24,95-24,95-24,3,9696DC,000000
989,Plaine de Versailles,011011071:71,71,71,3,7D7B7E,ffffff
967,Val de Seine,011011005:5,5,5,3,0BBBEF,000000
1054,Bus O'Mureaux,011011325:5,5,5,3,B698C7,000000
285,Phébus,004004029:45,45,45,3,AF00F5,ffffff
967,Val de Seine,011011042:42,42,42,3,A2C73B,000000
967,Val de Seine,011011043:43,43,43,3,97BDE6,000000
1054,Bus O'Mureaux,011011324:6,6,6,3,F5A374,000000
1054,Bus O'Mureaux,011011320:7,7,7,3,0BBBEF,000000
989,Plaine de Versailles,011011512:512,512,512,3,8A8946,ffffff
967,Val de Seine,052052083:502,502,502,3,ED87B2,000000
989,Plaine de Versailles,011011511:511,511,511,3,8A8946,ffffff
898,Transdev Ile-de-France Conflans,212212011:11,11,11,3,009DB2,ffffff
898,Transdev Ile-de-France Conflans,212212012:12,12,12,3,F59C00,000000
898,Transdev Ile-de-France Conflans,212212014:14,14,14,3,FBBA00,000000
898,Transdev Ile-de-France Conflans,212212006:06,06,06,3,93D5F6,000000
898,Transdev Ile-de-France Conflans,212212002:02,02,02,3,9CC595,000000
898,Transdev Ile-de-France Conflans,212212004:04,04,04,3,1FA22E,ffffff
898,Transdev Ile-de-France Conflans,212212005:05,05,05,3,E30613,ffffff
898,Transdev Ile-de-France Conflans,212212017:17A,17A,17A,3,9C91C5,000000
898,Transdev Ile-de-France Conflans,212195018:9518,9518,9518,3,1AC7FF,000000
898,Transdev Ile-de-France Conflans,212212024:A1,A1,A1,3,F28C1C,000000
898,Transdev Ile-de-France Conflans,212212024:A2,A2,A2,3,009FE3,000000
898,Transdev Ile-de-France Conflans,212212005:5S,5 S,5 S,3,F69F83,000000
898,Transdev Ile-de-France Conflans,212212017:17B,17B,17B,3,9C91C5,000000
898,Transdev Ile-de-France Conflans,212212003:27,27,27,3,1AC7FF,000000
285,Phébus,004004042:42,42,42,3,33BC33,ffffff
285,Phébus,004004040:40,40,40,3,F83E42,ffffff
295,R'bus,016616004:4,4,4,3,80FF00,000000
295,R'bus,016616034:34,34,34,3,FF26FF,000000
295,R'bus,016616501:501Sco,501 Sco,501 Scolaire,3,FFD900,000000
295,R'bus,016616005:5,5,5,3,FFE600,000000
295,R'bus,016616003:3,3,3,3,33FF00,000000
295,R'bus,016616017:17,17,17,3,FFE600,000000
295,R'bus,016616001:1,1,1,3,19E5FF,000000
295,R'bus,016616002:2,2,2,3,FF7D00,ffffff
295,R'bus,016616018:18,18,18,3,330000,ffffff
14,Bus en Seine,016248022:G,G,G,3,9C91C5,000000
295,R'bus,016616009:9,9,9,3,FF0000,ffffff
14,Bus en Seine,016248023:J,J,J,3,786715,ffffff
14,Bus en Seine,016248025:H,H,H,3,B1DDE8,000000
295,R'bus,016616008:8,8,8,3,B26600,ffffff
295,R'bus,016616503:503Sco,503 Sco,503 Scolaire,3,FF9400,000000
295,R'bus,016616502:502Sco,502 Sco,502 Scolaire,3,FF0047,ffffff
295,R'bus,016616514:7,7,7,3,8CFFF2,000000
295,R'bus,016616006:6,6,6,3,8C17FA,ffffff
132,Traverciel,213213027:28,28,28,3,00B0F0,ffffff
132,Traverciel,213213027:29,29,29,3,FF7600,000000
855,Scolaire Est Yvelines,213213006:06,06,06,3,AC9072,000000
132,Traverciel,213213027:27,27,27,3,FF0000,ffffff
132,Traverciel,213213460:460,460,460,3,FF00FF,ffffff
855,Scolaire Est Yvelines,213213036:503,503,503,3,33BDD9,000000
132,Traverciel,213213027:30,30,30,3,339966,ffffff
285,Phébus,004004009:35,35,35,3,FF3380,ffffff
855,Scolaire Est Yvelines,019019055:55,55,55,3,AB7E5C,000000
855,Scolaire Est Yvelines,019019054:54,54,54,3,FECF00,000000
14,Bus en Seine,019248007:B,B,B,3,964040,ffffff
14,Bus en Seine,019248003:A,A,A,3,E30613,ffffff
855,Scolaire Est Yvelines,019019012:12,12,12,3,94CDF1,000000
855,Scolaire Est Yvelines,019019001:01,01,01,3,9ECB84,000000
295,R'bus,019019045:45,45,45,3,96C0E8,000000
285,Phébus,004004014:34,34,34,3,FF4521,ffffff
14,Bus en Seine,019248019:C,C,C,3,164194,ffffff
14,Bus en Seine,019248020:M,M,M,3,786715,ffffff
14,Bus en Seine,019248005:L,L,L,3,B1DDE8,000000
14,Bus en Seine,019248002:T,T,T,3,B2B2B2,000000
14,Bus en Seine,019248012:P,P,P,3,9AA6D5,000000
14,Bus en Seine,019248006:E,E,E,3,AFCA0B,000000
14,Bus en Seine,019019017:D,D,D,3,702283,ffffff
14,Bus en Seine,019248010:K,K,K,3,9C91C5,000000
14,Bus en Seine,019248009:F,F,F,3,F5A488,000000
266,Entre Seine et Forêt,012012020:20,20,20,3,6AB023,000000
266,Entre Seine et Forêt,012012018:18S,18S,18S,3,FBE800,000000
266,Entre Seine et Forêt,012012021:21,21,21,3,822D1E,ffffff
285,Phébus,004004011:33,33,33,3,80D933,000000
266,Entre Seine et Forêt,012012021:21S,21S,21S,3,FABF5F,000000
266,Entre Seine et Forêt,012012018:18,18,18,3,FBE800,000000
961,Express 1,012012001:1,1,EX01,3,1AC7FF,000000
960,Poissy Aval,012012008:08,08,08,3,E5352C,000000
266,Entre Seine et Forêt,012012010:10,10,10,3,F4AAC9,000000
975,Express 16,012012016:16,16,EX16,3,1AC7FF,000000
266,Entre Seine et Forêt,012012015:15,15,15,3,9EC98A,000000
266,Entre Seine et Forêt,012012009:9A,9A,9A,3,B1B7DA,000000
974,Résalys,012012035:R3-Sud,R3-Sud,R3-Sud,3,A2C119,000000
974,Résalys,012012035:R3-Nord,R3-Nord,R3-Nord,3,A2C119,000000
974,Résalys,012012030:R4,R4,R4,3,9E2784,ffffff
974,Résalys,012012034:R6,R6,R6,3,F39C00,000000
974,Résalys,012012031:R5,R5,R5,3,FECF00,000000
974,Résalys,012012032:R2-Sud,R2-Sud,R2-Sud,3,1C98D5,000000
266,Entre Seine et Forêt,012012009:9B,9B,9B,3,F49E33,000000
266,Entre Seine et Forêt,012012009:9AB,9AB,9AB,3,B0D6ED,000000
266,Entre Seine et Forêt,012012009:9D,9D,9D,3,A9C153,000000
974,Résalys,012012032:R2-Nord,R2-Nord,R2-Nord,3,1C98D5,000000
974,Résalys,012012033:R1,R1,R1,3,E34611,ffffff
1001,Rémi,073073001:25,25,25,3,AE111D,ffffff
1092,25,073073025:25,25,25,3,000000,FFFFFF
285,Phébus,004004003:32,32,32,3,FFDB00,000000
639,AUTOCARS DOMINIQUE,333575515:TRAVERSE,TRAVERSE,LA TRAVERSE Brancion-Commerce,3,CBE859,ffffff
422,LOSAY VOYAGES,214214001:SAMOIS,SAMOIS,SAMOIS,3,010101,ffffff
274,Arlequin,040040021:21,21,21,3,1AC7FF,000000
929,Plateau de Brie,040040023:23,23,23,3,CB7E0D,ffffff
274,Arlequin,040040010:10,10,10,3,DA0C35,ffffff
274,Arlequin,040040012:12,12,12,3,5A79B6,000000
930,Brie Bus,040040013:BrieBus,BrieBus,Briebus Brie Comte Robert,3,B2FF00,ffffff
930,Brie Bus,040040013:Briebus,Briebus,Briebus Brie Comte Robert,3,B2FF00,ffffff
285,Phébus,004004007:31,31,31,3,26C9FF,ffffff
274,Arlequin,040040007:7,7,7,3,6AACDA,000000
387,Comète,208258008:208,208,208,3,0069B8,ffffff
387,Comète,208258206:206,206,206,3,6862AB,ffffff
1068,SiYONNE,208208001:A,A,A,3,B60058,ffffff
387,Comète,208258210:210,210,210,3,00A9C2,000000
387,Comète,208258308:203,203,203,3,F9AA0D,000000
118,STILL,208608019:19,19,19,3,B3A016,000000
387,Comète,208258205:205,205,205,3,DB0073,ffffff
387,Comète,208258204:204,204,204,3,ED808D,000000
1068,SiYONNE,208208002:B,B,B,3,B6C92F,000000
1068,SiYONNE,208208012:G,G,G,3,813684,ffffff
1068,SiYONNE,208208017:F,F,F,3,249446,ffffff
1068,SiYONNE,208208017:L,L,L,3,2F287F,ffffff
1068,SiYONNE,208208014:I,I,I,3,E5AC52,000000
1068,SiYONNE,208208007:Ea,Ea,Ea,3,3495D5,000000
1068,SiYONNE,208208004:C,C,C,3,C4A7CD,000000
1068,SiYONNE,208208020:Emplet,Emplet,Emplet,3,C0CE2B,000000
1068,SiYONNE,208208013:Eb,Eb,Eb,3,3495D5,000000
127,Trans Val d'Oise,050050024:24,24,24,3,1791FF,000000
285,Phébus,004004024:24,24,24,3,009FCF,ffffff
127,Trans Val d'Oise,050050023:23,23,23,3,FF0000,ffffff
127,Trans Val d'Oise,050050020:20,20,20,3,FF7300,ffffff
127,Trans Val d'Oise,050050022:22,22,22,3,FFE600,000000
127,Trans Val d'Oise,050050036:36,36,36,3,E600FF,ffffff
127,Trans Val d'Oise,050050037:37,37,37,3,33FF00,000000
127,Trans Val d'Oise,050050035:35,35,35,3,33F2FF,000000
127,Trans Val d'Oise,050050124:24sco,24 sco,24 sco,3,A3CCFF,000000
127,Trans Val d'Oise,050050025:25,25,25,3,8C0073,ffffff
471,TICE,400400406:406,406,406,3,834D48,ffffff
471,TICE,400400405:405,405,405,3,0088C6,ffffff
471,TICE,400400408:408,408,408,3,00B59F,000000
471,TICE,400400407:407,407,407,3,81D4F1,000000
471,TICE,400400404:404,404,404,3,99C400,000000
471,TICE,400400401:401,401,401,3,BAB1D7,000000
285,Phébus,004004026:23,23,23,3,E873FF,000000
471,TICE,400400403:403,403,403,3,F39900,000000
471,TICE,400400402:402,402,402,3,E6001B,ffffff
471,TICE,400400409:409,409,409,3,00812C,ffffff
471,TICE,400400420:420,420,420,3,046376,ffffff
471,TICE,400400419:419,419,419,3,FAC8A9,000000
471,TICE,400300510:510,510,510,3,777677,ffffff
471,TICE,400400453:453,453,453,3,A80983,ffffff
471,TICE,400400418:418,418,418,3,B3DBA6,000000
471,TICE,400400414:414,414,414,3,F28CBD,000000
471,TICE,400400413:413,413,413,3,FFDD00,000000
471,TICE,400400416:416,416,416,3,642165,ffffff
471,TICE,400400415:415,415,415,3,71351D,ffffff
1050,PEP'S,051051022:22,22,22,3,62AE9F,000000
1050,PEP'S,051051021:21,21,21,3,B6CA46,000000
105,Seine et Marne Express,051377019:19,19,19,3,1AC7FF,000000
1050,PEP'S,051267024:24,24,24,3,68ADE3,000000
1050,PEP'S,051051023:23,23,23,3,C83086,ffffff
285,Phébus,004004033:22,22,22,3,8C00FF,ffffff
105,Seine et Marne Express,051177018:18,18,18,3,1AC7FF,000000
1050,PEP'S,051051007:07,07,07,3,9DCBD1,000000
1050,PEP'S,051051014:04,04,04,3,E7AE12,000000
1050,PEP'S,051051002:02,02,02,3,6F7C81,ffffff
1050,PEP'S,051051015:15,15,15,3,A9193D,ffffff
1050,PEP'S,051051013:13,13,13,3,009FC3,000000
1050,PEP'S,051051012:12,12,12,3,B567A2,000000
1050,PEP'S,051051043:43,43,43,3,996E2B,ffffff
1050,PEP'S,051051042:42,42,42,3,E3A413,000000
1050,PEP'S,051051037:37,37,37,3,FCE400,000000
1050,PEP'S,051051047:47,47,47,3,27A22D,000000
1050,PEP'S,051051046:46,46,46,3,774697,ffffff
1050,PEP'S,051051044:44,44,44,3,99A634,000000
1050,PEP'S,051051035:35,35,35,3,BEAFD4,000000
1050,PEP'S,051051027:27,27,27,3,E3B227,000000
1050,PEP'S,051051026:26,26,26,3,0068B0,ffffff
1050,PEP'S,051051025:25,25,25,3,C20012,ffffff
1050,PEP'S,051051034:34,34,34,3,68285A,ffffff
1050,PEP'S,051051032:32,32,32,3,D0662C,ffffff
1050,PEP'S,051051029:29,29,29,3,249446,ffffff
339,CIF,014014034:34,34,34,3,29FF00,000000
339,CIF,014014038:38,38,38,3,33D1BF,000000
339,CIF,014014033:33,33,33,3,00FF87,000000
339,CIF,014014320:32A,32A,32A,3,59FF00,000000
339,CIF,014014321:32ZA,32ZA,32ZA,3,1C9600,ffffff
339,CIF,014014046:46,46,46,3,FFB500,000000
758,Busval d'Oise,014195001:95-01,95-01,95-01,3,26B3E8,000000
758,Busval d'Oise,014195002:95-02,95-02,95-02,3,164194,ffffff
339,CIF,014014050:50,50,50,3,33FF80,000000
339,CIF,014014047:47,47,47,3,66FF00,000000
339,CIF,014014049:49,49,49,3,EF7D00,ffffff
339,CIF,014014121:121,12.1,12.1,3,8000FF,ffffff
339,CIF,014014120:12ZI,12ZI,12ZI,3,73D9E6,000000
339,CIF,014014012:12,12,12,3,0087FF,000000
339,CIF,014014011:11,11,11,3,B233FF,000000
339,CIF,014014115:115,11.5,11.5,3,FF0000,ffffff
339,CIF,014014014:14,14,14,3,9980FF,000000
339,CIF,014014031:31,31,31,3,FF0000,ffffff
339,CIF,014014032:32,32,32,3,BDCD00,000000
339,CIF,014014301:30D,30D,30D,3,8FBA00,000000
339,CIF,014014141:141,14.1,14.1,3,664DFF,000000
339,CIF,014014030:30B,30B,30B,3,33FFFF,000000
339,CIF,014014099:Gbus,G'bus,G'bus,3,F0FF9E,000000
339,CIF,014014903:R3,R3,R3,3,FF3300,ffffff
339,CIF,014014904:R4,R4,R4,3,00FF66,000000
339,CIF,014014902:R2,R2,R2,3,FF9900,000000
339,CIF,014014114:R114,R114,R114,3,FFE600,000000
339,CIF,014014117:R117,R117,R117,3,FF00FF,000000
339,CIF,014014048:R48,R48,R48,3,FF4D00,ffffff
339,CIF,014014302:R8,R8,R8,3,FF00FF,000000
339,CIF,014115086:Vitavil,Vitavil,Vitavil,3,FF6600,ffffff
339,CIF,014014907:R7,R7,R7,3,0033FF,ffffff
339,CIF,014014905:R5,R5,R5,3,FFFF00,000000
339,CIF,014014906:R6,R6,R6,3,00FFFF,000000
339,CIF,014014106:R106,R106,R106,3,661FFF,ffffff
339,CIF,014014107:R107,R107,R107,3,B233FF,000000
339,CIF,014014105:R105,R105,R105,3,33FFFF,000000
339,CIF,014014901:R1,R1,R1,3,80FF00,000000
339,CIF,014014104:R104,R104,R104,3,0082FF,000000
339,CIF,014014108:R108,R108,R108,3,FF66FF,000000
339,CIF,014014912:R112,R112,R112,3,FF8791,000000
339,CIF,014014913:R113,R113,R113,3,FF0000,ffffff
339,CIF,014014911:R111,R111,R111,3,FF9900,000000
339,CIF,014014109:R109,R109,R109,3,A87DFF,000000
339,CIF,014014910:R110,R110,R110,3,9E2637,ffffff
339,CIF,014014022:22,22,22,3,6B6B6B,ffffff
339,CIF,014014221:21,21,21,3,B2FF4D,000000
339,CIF,014014223:23,23,23,3,80FFFF,000000
339,CIF,014014039:39,39,39,3,FF6600,ffffff
339,CIF,014014224:24,24,24,3,83D0F5,000000
339,CIF,014014019:19,19,19,3,00FF00,000000
339,CIF,014014015:15,15,15,3,FF0000,ffffff
339,CIF,014014001:1,1,1,3,59FF00,000000
339,CIF,014014016:16,16,16,3,FF4AD9,000000
339,CIF,014014218:18,18,18,3,FF9421,000000
339,CIF,014014217:17,17,17,3,00E6FF,000000
339,CIF,014014093:93,93,93,3,1AC7FF,000000
339,CIF,014014071:71,71,71,3,665200,ffffff
339,CIF,014014091:TBUS1,T'BUS 1,T'bus 1,3,E20E12,ffffff
339,CIF,014014090:TBUS3,T\'BUS 3,T\'Bus 3,3,0EACE3,ffffff
339,CIF,014014092:TBUS2,T'BUS 2,T'Bus 2,3,FBBF0A,ffffff
339,CIF,014014045:45,45,45,3,FF52E3,000000
339,CIF,014014003:3B,3B,3B,3,FFBD00,000000
339,CIF,014014003:3A,3A,3A,3,FFBD00,000000
339,CIF,014014040:40,40,40,3,FFCC00,000000
339,CIF,014014044:44,44,44,3,66FFFF,000000
339,CIF,014014043:43,43,43,3,8700FF,ffffff
557,Goëlys,014077708:708,708,708,3,FFDD00,000000
557,Goëlys,014077707:707,707,707,3,76B82A,000000
557,Goëlys,014077709:709,709,709,3,F7A600,000000
557,Goëlys,014077711:711,711,711,3,009BA4,ffffff
557,Goëlys,014077710:710,710,710,3,FFDD00,000000
557,Goëlys,014077702:702,702,702,3,AA856B,000000
557,Goëlys,014077701:701,701,701,3,C51A1B,ffffff
557,Goëlys,014077703:703,703,703,3,951B81,ffffff
557,Goëlys,014077705:705,705,705,3,00B1EB,000000
557,Goëlys,014077704:704,704,704,3,F39200,000000
557,Goëlys,014077714:714,714,714,3,F088B6,000000
557,Goëlys,014077753:753,753,753,3,40AB35,ffffff
557,Goëlys,014077752:752,752,752,3,D676AD,000000
557,Goëlys,014077755:755,755,755,3,AFCA0B,000000
339,CIF,014014777:777,777,777,3,964040,ffffff
557,Goëlys,014077756:756,756,756,3,0080C9,ffffff
557,Goëlys,014077749:749B,749 B,749 B,3,49B856,ffffff
557,Goëlys,014077715:715,715,715,3,FFD300,000000
557,Goëlys,014077749:749C,749 C,749 C,3,F9A64A,ffffff
557,Goëlys,014077751:751,751,751,3,E30613,ffffff
557,Goëlys,014077749:749D,749 D,749 D,3,D5DF3F,ffffff
15,Bus Haut Val d'Oise,046146069:A,A,A,3,FF4DFF,000000
15,Bus Haut Val d'Oise,046146070:B,B,B,3,80FF00,000000
758,Busval d'Oise,046195010:95-10,95-10,95-10,3,009FE3,000000
651,KVO,046046002:2,2,2,3,E2001A,ffffff
758,Busval d'Oise,046195009:95-09,95-09,95-09,3,FDC41F,000000
15,Bus Haut Val d'Oise,046146072:F,F,F,3,0087FF,000000
15,Bus Haut Val d'Oise,046146064:G,G,G,3,FF0000,ffffff
15,Bus Haut Val d'Oise,046146063:E,E,E,3,33FF19,000000
15,Bus Haut Val d'Oise,046146067:C,C,C,3,C400D4,ffffff
15,Bus Haut Val d'Oise,046146073:DIM,DIM,DIM,3,73FFFA,000000
829,Keolis Seine Val-De-Marne,002002003:3,3,3,3,F7941D,000000
829,Keolis Seine Val-De-Marne,002002002:2,2,2,3,1D2250,ffffff
829,Keolis Seine Val-De-Marne,002002010:10,10,10,3,812A91,ffffff
829,Keolis Seine Val-De-Marne,002002001:LIC,LIC,LICORNE,3,E2007A,ffffff
829,Keolis Seine Val-De-Marne,002002009:9,9,9,3,2CB461,ffffff
829,Keolis Seine Val-De-Marne,002002008:8,8,8,3,00ADEE,000000
943,Trans'Essonne,024024227:227,227,227,3,EF93B0,000000
943,Trans'Essonne,024024228:228,228,228,3,BB9EC7,000000
943,Trans'Essonne,024024209:209,209,209,3,B2111D,ffffff
943,Trans'Essonne,024024207:207,207,207,3,EC7404,ffffff
943,Trans'Essonne,024024208:208,208,208,3,009EE0,000000
943,Trans'Essonne,024024229:229,229,229,3,7AB2DC,000000
943,Trans'Essonne,024024010:24-10,24-10,24-10,3,C50078,ffffff
943,Trans'Essonne,024024100:FLEXO,FLEXO,FLEXO,3,96499B,ffffff
943,Trans'Essonne,024024006:24-06,24-06,24-06,3,40B9D4,000000
943,Trans'Essonne,024024230:230,230,230,3,6EC1B6,000000
943,Trans'Essonne,024024231:231,231,231,3,C99D87,000000
285,Phébus,056356022:106,106,106,3,E42623,ffffff
285,Phébus,056356021:105,105,105,3,266F52,ffffff
285,Phébus,056356024:107,107,107,3,C55A18,ffffff
285,Phébus,056356014:11,11,11,3,355597,ffffff
285,Phébus,056356023:108,108,108,3,F39325,000000
285,Phébus,056356020:104,104,104,3,6B3A8C,ffffff
285,Phébus,056356012:10,10,10,3,FFED00,000000
285,Phébus,056356001:1,1,1,3,E2011A,ffffff
285,Phébus,056356017:101,101,101,3,6AB023,000000
285,Phébus,056356019:103,103,103,3,E791B9,000000
285,Phébus,056356018:102,102,102,3,843D18,ffffff
285,Phébus,056356006:6,6,6,3,0096A6,ffffff
285,Phébus,056356005:5,5,5,3,A50972,ffffff
285,Phébus,056356008:7,7,7,3,CD9469,000000
285,Phébus,056356011:9,9,9,3,EE89AB,000000
285,Phébus,056356009:8,8,8,3,A5BE06,000000
285,Phébus,056356004:4,4,4,3,DF4917,ffffff
285,Phébus,056356016:13,13,13,3,A6ABCF,000000
285,Phébus,056356015:12,12,12,3,EE7E32,000000
285,Phébus,056356010:14,14,14,3,1C97D1,ffffff
285,Phébus,056356003:3,3,3,3,1CA238,ffffff
285,Phébus,056356002:2,2,2,3,2A3B8E,ffffff
56,Noctilien,800:N144,N144,N144,3,008B5A,ffffff
56,Noctilien,800:N145,N145,N145,3,0AA896,ffffff
56,Noctilien,800:N142,N142,N142,3,BB4B9C,ffffff
56,Noctilien,800:N143,N143,N143,3,008B5A,ffffff
56,Noctilien,800:N152,N152,N152,3,ED1B2A,ffffff
56,Noctilien,800:N154,N154,N154,3,FEDF53,000000
56,Noctilien,800:N150,N150,N150,3,ED1B2A,ffffff
56,Noctilien,800:N151,N151,N151,3,CEC92A,000000
56,Noctilien,800:N132,N132,N132,3,008B5A,ffffff
56,Noctilien,800:N133,N133,N133,3,FEDF53,000000
56,Noctilien,800:N130,N130,N130,3,FF582A,ffffff
56,Noctilien,800:N131,N131,N131,3,FEDF53,000000
56,Noctilien,800:N140,N140,N140,3,006CB8,ffffff
56,Noctilien,800:N141,N141,N141,3,DEB31A,000000
56,Noctilien,800:N134,N134,N134,3,008B5A,ffffff
56,Noctilien,800:N135,N135,N135,3,008B5A,ffffff
741,RER,800:C,C,C,2,F3D311,000000
741,RER,800:C:Bus,C,C,3,F3D311,000000
741,RER,800:D,D,D,2,3F9C35,ffffff
741,RER,800:D:Bus,D,D,3,3F9C35,ffffff
741,RER,810:A,A,A,2,F7403A,ffffff
741,RER,810:B,B,B,2,4B92DB,ffffff
741,RER,810:B:Bus,B,B,3,4B92DB,ffffff
742,TRAIN,800:T11,T11,GARE D\'EPINAY SUR SEINE - Gare du Bourget,0,FB4F14,ffffff
440,TRAMWAY,800:T4,T4,T4,0,FED100,ffffff
440,TRAMWAY,800:T4:Bus,T4,T4,3,FED100,ffffff
741,RER,800:E,E,E,2,DE81D3,ffffff
743,TER,800:TER,TER,TER,2,AAAAAA,000000
742,TRAIN,800:K,K,K,2,AE9A00,ffffff
742,TRAIN,800:L,L,L,2,7577C0,ffffff
742,TRAIN,800:L:Bus,L,L,3,7577C0,ffffff
742,TRAIN,800:H,H,H,2,844C54,ffffff
742,TRAIN,800:H:Bus,H,H,3,844C54,ffffff
742,TRAIN,800:J,J,J,2,B6BF00,ffffff
742,TRAIN,800:J:Bus,J,J,3,B6BF00,ffffff
742,TRAIN,800:R,R,R,2,E59FDB,ffffff
742,TRAIN,800:R:Bus,R,R,3,E59FDB,ffffff
742,TRAIN,800:U,U,U,2,DE4F75,ffffff
742,TRAIN,800:N,N,N,2,00B092,ffffff
742,TRAIN,800:N:Bus,N,N,3,00B092,ffffff
742,TRAIN,800:P,P,P,2,EAAB00,000000
742,TRAIN,800:P:Bus,P,P,3,EAAB00,000000
